Order ID,Order Date,Customer ID,Product ID,Customer Name,Email,Phone Number,Address Line 1,City,Country,Postcode,Loyalty Card,Coffee Type,Roast Type,Quantity,Size,Unit Price,Revenue,Profit,Day,Weekday,Month,Year
CTE-31437-326,2019-01-02,22721-63196-UJ,E-M-0.2,Gladi Ducker,gduckerdx@patch.com,+44 (749) 987-9016,5069 Boyd Parkway,Belfast,United Kingdom,BT2,No,Excelsa,Medium Roast,4,0.2,4.125,16.5,0.45375,2,Wednesday,1,2019
CTE-31437-326,2019-01-02,22721-63196-UJ,L-L-0.2,Gladi Ducker,gduckerdx@patch.com,+44 (749) 987-9016,5069 Boyd Parkway,Belfast,United Kingdom,BT2,No,Liberica,Light Roast,3,0.2,4.755,14.265,0.61815,2,Wednesday,1,2019
CTE-31437-326,2019-01-02,22721-63196-UJ,L-D-1,Gladi Ducker,gduckerdx@patch.com,+44 (749) 987-9016,5069 Boyd Parkway,Belfast,United Kingdom,BT2,No,Liberica,Dark Roast,4,1.0,12.95,51.8,1.6835,2,Wednesday,1,2019
CTE-31437-326,2019-01-02,22721-63196-UJ,R-M-0.2,Gladi Ducker,gduckerdx@patch.com,+44 (749) 987-9016,5069 Boyd Parkway,Belfast,United Kingdom,BT2,No,Robusta,Medium Roast,4,0.2,2.985,11.94,0.17909999999999998,2,Wednesday,1,2019
EZT-46571-659,2019-01-02,03396-68805-ZC,R-M-0.5,Guthrey Petracci,gpetracci8@livejournal.com,+1 (310) 868-1842,949 Paget Parkway,Los Angeles,United States,90045,No,Robusta,Medium Roast,3,0.5,5.97,17.91,0.35819999999999996,2,Wednesday,1,2019
TID-21626-411,2019-01-03,19383-33606-PW,R-L-0.5,Suzanna Bollam,sbollamlf@list-manage.com,+1 (303) 746-0415,5 Buhler Center,Littleton,United States,80126,No,Robusta,Light Roast,3,0.5,7.169999999999999,21.509999999999998,0.4301999999999999,3,Thursday,1,2019
IMP-12563-728,2019-01-03,68346-14810-UA,E-L-0.5,Spencer Wastell,,+1 (432) 765-8747,80 Oak Alley,Midland,United States,79705,No,Excelsa,Light Roast,6,0.5,8.91,53.46,0.9801,3,Thursday,1,2019
OUQ-73954-002,2019-01-06,66308-13503-KD,R-M-0.2,Krissie Hammett,khammettgm@dmoz.org,+1 (415) 825-4799,798 Grover Lane,San Francisco,United States,94159,Yes,Robusta,Medium Roast,4,0.2,2.985,11.94,0.17909999999999998,6,Sunday,1,2019
CYZ-37122-164,2019-01-06,21798-04171-XC,E-M-0.5,Wilton Cottier,wcottierj3@cafepress.com,+1 (408) 261-7902,341 Oak Point,San Jose,United States,95160,No,Excelsa,Medium Roast,2,0.5,8.25,16.5,0.9075,6,Sunday,1,2019
TNR-84447-052,2019-01-09,34419-18068-AG,E-D-2.5,Dolores Duffie,dduffiepr@time.com,+1 (971) 936-3214,3 Jenifer Circle,Portland,United States,97271,No,Excelsa,Dark Roast,4,2.5,27.945,111.78,3.07395,9,Wednesday,1,2019
KAR-24978-271,2019-01-10,23187-65750-HZ,R-M-1,Starr Arpin,sarpinep@moonfruit.com,+1 (804) 588-4160,12 Bobwhite Road,Richmond,United States,23242,No,Robusta,Medium Roast,6,1.0,9.95,59.699999999999996,0.597,10,Thursday,1,2019
LDK-71031-121,2019-01-10,84761-40784-SV,L-L-2.5,Andie Rudram,arudramka@prnewswire.com,+1 (702) 333-7442,5600 Bultman Court,Las Vegas,United States,89155,No,Liberica,Light Roast,1,2.5,36.455,36.455,4.7391499999999995,10,Thursday,1,2019
FWU-44971-444,2019-01-11,12190-25421-WM,A-D-2.5,Marvin Malloy,mmalloyi6@seattletimes.com,+1 (202) 284-7115,2 Ohio Drive,Washington,United States,20088,No,Arabica,Dark Roast,3,2.5,22.884999999999998,68.655,2.0596499999999995,11,Friday,1,2019
VJF-46305-323,2019-01-18,68555-89840-GZ,L-D-0.5,Morgen Seson,msesonck@census.gov,+1 (206) 642-0902,92847 Schlimgen Road,Seattle,United States,98109,No,Liberica,Dark Roast,2,0.5,7.77,15.54,1.0101,18,Friday,1,2019
EQE-31648-909,2019-01-18,19821-05175-WZ,E-D-0.5,Angie Rizzetti,arizzetti55@naver.com,+1 (517) 237-7606,24 Mendota Junction,Lansing,United States,48919,Yes,Excelsa,Dark Roast,5,0.5,7.29,36.45,0.8019000000000001,18,Friday,1,2019
ABO-29054-365,2019-01-19,00256-19905-YG,A-M-0.5,Stanislaus Valsler,,+353 (479) 865-9222,95 Southridge Alley,Castlebridge,Ireland,R14,No,Arabica,Medium Roast,6,0.5,6.75,40.5,0.6074999999999999,19,Saturday,1,2019
KFJ-46568-890,2019-01-20,71003-85639-HB,E-L-0.5,Lyell Murch,,+1 (260) 280-7251,18 Darwin Park,Fort Wayne,United States,46896,Yes,Excelsa,Light Roast,2,0.5,8.91,17.82,0.9801,20,Sunday,1,2019
GTT-73214-334,2019-01-20,98636-90072-YE,A-L-1,Nobe Buney,nbuneylx@jugem.jp,+1 (510) 973-7084,7 Anzinger Parkway,Richmond,United States,94807,No,Arabica,Light Roast,6,1.0,12.95,77.69999999999999,1.1655,20,Sunday,1,2019
AYY-83051-752,2019-01-22,46431-09298-OU,L-L-1,Carolee Winchcombe,cwinchcombeho@jiathis.com,+1 (501) 772-4397,687 Bluestem Point,Little Rock,United States,72209,Yes,Liberica,Light Roast,6,1.0,15.85,95.1,2.0605,22,Tuesday,1,2019
GPW-43956-761,2019-01-26,09667-09231-YM,E-L-0.5,Bearnard Wardell,bwardellqu@adobe.com,+1 (347) 311-2289,57299 Tennessee Hill,Brooklyn,United States,11210,Yes,Excelsa,Light Roast,6,0.5,8.91,53.46,0.9801,26,Saturday,1,2019
OJU-34452-896,2019-02-04,60799-92593-CX,E-L-0.5,Abba Pummell,,,3 Service Pass,Las Vegas,United States,89115,Yes,Excelsa,Light Roast,1,0.5,8.91,8.91,0.9801,4,Monday,2,2019
TRZ-94735-865,2019-02-05,54462-58311-YF,L-M-0.5,Teddi Quadri,tquadrikr@opensource.org,+353 (789) 442-3189,35 Meadow Vale Circle,Ballina,Ireland,F26,Yes,Liberica,Medium Roast,4,0.5,8.73,34.92,1.1349,5,Tuesday,2,2019
GZS-50547-887,2019-02-05,61600-55136-UM,E-D-1,Corinna Catcheside,ccatchesideaa@macromedia.com,+1 (801) 121-6042,8 Kim Street,Salt Lake City,United States,84105,Yes,Excelsa,Dark Roast,2,1.0,12.15,24.3,1.3365,5,Tuesday,2,2019
DJG-14442-608,2019-02-06,75716-12782-SS,R-D-1,Gale Croysdale,gcroysdaleb6@nih.gov,+1 (304) 384-2939,1657 Delladonna Hill,Charleston,United States,25336,Yes,Robusta,Dark Roast,3,1.0,8.95,26.849999999999998,0.5369999999999999,6,Wednesday,2,2019
EEJ-16185-108,2019-02-09,65552-60476-KY,L-L-0.2,Nona Linklater,,+1 (239) 347-9766,856 Bonner Parkway,Naples,United States,34114,Yes,Liberica,Light Roast,5,0.2,4.755,23.775,0.61815,9,Saturday,2,2019
QLC-52637-305,2019-02-10,34317-87258-HQ,L-D-2.5,Doralin Baison,,+353 (214) 406-4884,9 Dayton Park,Ballivor,Ireland,D17,Yes,Liberica,Dark Roast,4,2.5,29.784999999999997,119.13999999999999,3.8720499999999998,10,Sunday,2,2019
WMU-87639-108,2019-02-11,71891-51101-VQ,R-D-0.5,Cecily Stebbings,cstebbingsi2@drupal.org,+1 (951) 986-4062,6 Green Ridge Drive,Corona,United States,92883,Yes,Robusta,Dark Roast,1,0.5,5.369999999999999,5.369999999999999,0.32219999999999993,11,Monday,2,2019
CZG-01299-952,2019-02-12,09540-70637-EV,L-D-1,Jarret Toye,jtoyekg@pinterest.com,+353 (587) 270-6561,89789 Sachtjen Hill,Ballivor,Ireland,D17,Yes,Liberica,Dark Roast,2,1.0,12.95,25.9,1.6835,12,Tuesday,2,2019
JUO-34131-517,2019-02-13,07972-83748-JI,L-D-1,Rivy Farington,,+1 (951) 638-0879,54400 Brickson Park Center,Corona,United States,92878,Yes,Liberica,Dark Roast,6,1.0,12.95,77.69999999999999,1.6835,13,Wednesday,2,2019
AOL-13866-711,2019-02-14,83490-88357-LJ,E-M-1,Eustace Stenton,estentonms@google.it,+1 (512) 819-1430,8472 Graedel Circle,Austin,United States,78764,Yes,Excelsa,Medium Roast,4,1.0,13.75,55.0,1.5125,14,Thursday,2,2019
OLF-77983-457,2019-02-16,51901-35210-UI,A-L-2.5,Gabriel Starcks,gstarcksgi@abc.net.au,+1 (423) 903-3146,5 Northland Alley,Chattanooga,United States,37416,No,Arabica,Light Roast,2,2.5,29.784999999999997,59.56999999999999,2.6806499999999995,16,Saturday,2,2019
EAY-89850-211,2019-02-19,43155-71724-XP,A-D-0.2,Herbie Peppard,,,2 International Lane,Pasadena,United States,91103,Yes,Arabica,Dark Roast,2,0.2,2.985,5.97,0.26865,19,Tuesday,2,2019
RYZ-14633-602,2019-02-20,14158-30713-OB,A-D-1,Mozelle Calcutt,mcalcuttt@baidu.com,+353 (928) 869-1762,4389 Russell Way,Rathwire,Ireland,Y25,Yes,Arabica,Dark Roast,4,1.0,9.95,39.8,0.8954999999999999,20,Wednesday,2,2019
XEE-37895-169,2019-02-20,14888-85625-TM,A-L-2.5,Perry Lyfield,plyfielde3@baidu.com,+1 (216) 614-9325,1263 Thackeray Parkway,Cleveland,United States,44185,Yes,Arabica,Light Roast,3,2.5,29.784999999999997,89.35499999999999,2.6806499999999995,20,Wednesday,2,2019
EVP-43500-491,2019-02-20,49231-44455-IC,A-M-0.5,Selene Shales,sshalesq@umich.edu,+1 (707) 881-5004,74 Bultman Plaza,Petaluma,United States,94975,Yes,Arabica,Medium Roast,4,0.5,6.75,27.0,0.6074999999999999,20,Wednesday,2,2019
BPG-68988-842,2019-02-21,53631-24432-SY,E-M-0.5,Irvine Phillpot,iphillpoten@buzzfeed.com,+44 (610) 826-3107,07208 Eastlawn Drive,Wootton,United Kingdom,NN4,No,Excelsa,Medium Roast,5,0.5,8.25,41.25,0.9075,21,Thursday,2,2019
EZB-68383-559,2019-02-21,90123-01967-KS,R-L-1,Becca Ableson,,+1 (971) 254-5295,69493 Hanson Place,Portland,United States,97255,No,Robusta,Light Roast,6,1.0,11.95,71.69999999999999,0.717,21,Thursday,2,2019
RWI-84131-848,2019-02-22,16385-11286-NX,R-D-2.5,Mohandis Spurden,mspurdencj@exblog.jp,+1 (704) 256-1371,55290 Manufacturers Lane,Charlotte,United States,28210,Yes,Robusta,Dark Roast,2,2.5,20.584999999999997,41.169999999999995,1.2350999999999999,22,Friday,2,2019
LTD-71429-845,2019-02-24,03157-23165-UB,A-L-0.5,Flory Crumpe,fcrumpe7u@ftc.gov,+44 (564) 507-1056,1 Hanover Terrace,Norton,United Kingdom,NN11,No,Arabica,Light Roast,1,0.5,7.77,7.77,0.6992999999999999,24,Sunday,2,2019
ONW-00560-570,2019-02-25,32900-82606-BO,A-M-1,Claudie Weond,cweondo8@theglobeandmail.com,+1 (828) 335-1268,41 Coolidge Way,Asheville,United States,28805,No,Arabica,Medium Roast,2,1.0,11.25,22.5,1.0125,25,Monday,2,2019
ZYQ-15797-695,2019-02-25,79436-73011-MM,R-D-0.5,Pammi Endacott,,+44 (177) 260-5076,5841 Atwood Lane,Wootton,United Kingdom,NN4,Yes,Robusta,Dark Roast,5,0.5,5.369999999999999,26.849999999999994,0.32219999999999993,25,Monday,2,2019
HPD-65272-772,2019-02-25,57504-13456-UO,L-M-2.5,Parsifal Metrick,pmetrick7r@rakuten.co.jp,+1 (314) 572-2164,091 Old Gate Road,Saint Louis,United States,63143,Yes,Liberica,Medium Roast,1,2.5,33.464999999999996,33.464999999999996,4.3504499999999995,25,Monday,2,2019
CZD-56716-840,2019-02-28,15456-29250-RU,L-D-2.5,Jaimie Hatz,,+1 (915) 920-9318,3 Atwood Avenue,El Paso,United States,79934,No,Liberica,Dark Roast,4,2.5,29.784999999999997,119.13999999999999,3.8720499999999998,28,Thursday,2,2019
EXP-21628-670,2019-03-02,94447-35885-HK,A-M-2.5,Wallis Bernth,wbernthhe@miitbeian.gov.cn,+1 (412) 597-3861,5 Ramsey Plaza,Pittsburgh,United States,15274,No,Arabica,Medium Roast,3,2.5,25.874999999999996,77.62499999999999,2.3287499999999994,2,Saturday,3,2019
YWM-07310-594,2019-03-02,66028-99867-WJ,E-M-0.5,Margie Palleske,mpalleskeo4@nyu.edu,+1 (561) 371-1596,30 Dixon Trail,Pompano Beach,United States,33064,Yes,Excelsa,Medium Roast,5,0.5,8.25,41.25,0.9075,2,Saturday,3,2019
RJR-12175-899,2019-03-02,37274-08534-FM,E-D-0.5,Selma McMillian,smcmillian8t@csmonitor.com,+1 (330) 407-0631,6404 Heffernan Junction,Akron,United States,44315,No,Excelsa,Dark Roast,3,0.5,7.29,21.87,0.8019000000000001,2,Saturday,3,2019
XTH-67276-442,2019-03-03,73799-04749-BM,L-M-2.5,Bertine Byrd,bbyrdha@4shared.com,,3482 Morning Circle,Las Vegas,United States,89115,No,Liberica,Medium Roast,4,2.5,33.464999999999996,133.85999999999999,4.3504499999999995,3,Sunday,3,2019
CGO-79583-871,2019-03-04,37182-54930-XC,E-D-0.5,Wesley Giorgioni,wgiorgioni9g@wikipedia.org,+1 (415) 960-7198,45 Trailsway Avenue,San Francisco,United States,94132,Yes,Excelsa,Dark Roast,1,0.5,7.29,7.29,0.8019000000000001,4,Monday,3,2019
VQV-59984-866,2019-03-08,48854-01899-FN,R-D-0.2,Vanya Skullet,vskulletah@tinyurl.com,+353 (215) 420-1467,4 Grim Road,Balally,Ireland,D04,No,Robusta,Dark Roast,3,0.2,2.6849999999999996,8.055,0.16109999999999997,8,Friday,3,2019
SFC-34054-213,2019-03-10,08100-71102-HQ,L-L-0.5,Marvin Gundry,mgundrymo@omniture.com,+353 (500) 164-9392,4 Harper Avenue,Castlebridge,Ireland,R14,No,Liberica,Light Roast,4,0.5,9.51,38.04,1.2363,10,Sunday,3,2019
RKW-81145-984,2019-03-11,98661-69719-VI,L-L-1,Celia Bakeup,cbakeupe8@globo.com,+1 (320) 375-8504,73 Bellgrove Circle,Saint Cloud,United States,56372,No,Liberica,Light Roast,3,1.0,15.85,47.55,2.0605,11,Monday,3,2019
MBM-55936-917,2019-03-12,55989-39849-WO,L-D-0.5,Andrej Havick,ahavickat@nsw.gov.au,+1 (828) 769-0743,720 Pennsylvania Pass,Asheville,United States,28805,Yes,Liberica,Dark Roast,3,0.5,7.77,23.31,1.0101,12,Tuesday,3,2019
GQR-12490-152,2019-03-14,22832-98538-RB,R-L-0.2,Sidney Gawen,sgaweng7@creativecommons.org,+1 (571) 317-3089,9231 Stang Drive,Sterling,United States,20167,Yes,Robusta,Light Roast,1,0.2,3.5849999999999995,3.5849999999999995,0.21509999999999996,14,Thursday,3,2019
YWH-50638-556,2019-03-14,89442-35633-HJ,E-L-0.5,Else Langcaster,elangcaster2l@spotify.com,+44 (547) 590-3103,3658 Jenna Street,Normanton,United Kingdom,LE15,Yes,Excelsa,Light Roast,4,0.5,8.91,35.64,0.9801,14,Thursday,3,2019
OTA-40969-710,2019-03-14,77877-11993-QH,R-L-1,Monique Canty,mcanty79@jigsy.com,+1 (814) 215-3753,21342 Schiller Parkway,Erie,United States,16522,Yes,Robusta,Light Roast,5,1.0,11.95,59.75,0.717,14,Thursday,3,2019
YXF-57218-272,2019-03-15,55374-03175-IA,R-M-0.2,Samuele Klaaassen,,+1 (313) 436-2249,52 2nd Road,Detroit,United States,48232,Yes,Robusta,Medium Roast,6,0.2,2.985,17.91,0.17909999999999998,15,Friday,3,2019
UBA-43678-174,2019-03-15,44530-75983-OD,E-D-2.5,Ingelbert Hotchkin,ihotchkinb3@mit.edu,+44 (387) 464-9544,322 Basil Pass,Preston,United Kingdom,PR1,No,Excelsa,Dark Roast,6,2.5,27.945,167.67000000000002,3.07395,15,Friday,3,2019
KCY-61732-849,2019-03-16,11349-55147-SN,L-D-1,Nicolas Aiton,,+353 (861) 791-0313,4 Colorado Center,Dungarvan,Ireland,T56,No,Liberica,Dark Roast,2,1.0,12.95,25.9,1.6835,16,Saturday,3,2019
BDM-03174-485,2019-03-16,29581-13303-VB,R-L-0.5,Wright Caldero,wcalderom3@stumbleupon.com,+1 (714) 117-5483,5933 Graceland Way,Anaheim,United States,92825,No,Robusta,Light Roast,4,0.5,7.169999999999999,28.679999999999996,0.4301999999999999,16,Saturday,3,2019
YKX-23510-272,2019-03-17,56991-05510-PR,A-L-2.5,Janella Eden,jedenll@e-recht24.de,,613 Merrick Way,Joliet,United States,60435,No,Arabica,Light Roast,2,2.5,29.784999999999997,59.56999999999999,2.6806499999999995,17,Sunday,3,2019
IRJ-67095-738,2019-03-20,86447-02699-UT,E-M-2.5,Minny Chamberlayne,mchamberlayne4r@bigcartel.com,+1 (813) 801-0026,1 Ridgeview Place,Tampa,United States,33686,Yes,Excelsa,Medium Roast,2,2.5,31.624999999999996,63.24999999999999,3.47875,20,Wednesday,3,2019
CPV-90280-133,2019-03-20,66458-91190-YC,R-D-0.2,Marja Urion,murione5@alexa.com,+353 (715) 989-0283,2 Sycamore Avenue,Virginia,Ireland,D18,Yes,Robusta,Dark Roast,3,0.2,2.6849999999999996,8.055,0.16109999999999997,20,Wednesday,3,2019
VAU-44387-624,2019-03-20,99643-51048-IQ,A-M-0.2,Minni Alabaster,malabasterg@hexun.com,+1 (971) 483-6255,3 Charing Cross Trail,Portland,United States,97271,No,Arabica,Medium Roast,6,0.2,3.375,20.25,0.30374999999999996,20,Wednesday,3,2019
VGI-33205-360,2019-03-21,96762-10814-DA,L-M-0.5,Jereme Gippes,jgippesm0@cloudflare.com,+44 (185) 319-5850,47392 Spenser Trail,Twyford,United Kingdom,LE14,Yes,Liberica,Medium Roast,6,0.5,8.73,52.38,1.1349,21,Thursday,3,2019
NXM-89323-646,2019-03-22,28158-93383-CK,E-D-1,Kameko Philbrick,kphilbrickpu@cdc.gov,,987 Westridge Terrace,Washington,United States,20067,Yes,Excelsa,Dark Roast,1,1.0,12.15,12.15,1.3365,22,Friday,3,2019
SHP-55648-472,2019-03-30,46818-20198-GB,A-M-1,Corrie Wass,cwassif@prweb.com,,9978 Monterey Crossing,Charleston,United States,25362,No,Arabica,Medium Roast,6,1.0,11.25,67.5,1.0125,30,Saturday,3,2019
POF-29666-012,2019-04-01,46885-00260-TL,R-D-0.5,Sada Roseborough,sroseboroughr2@virginia.edu,+1 (253) 735-5179,779 Memorial Avenue,Tacoma,United States,98405,Yes,Robusta,Dark Roast,1,0.5,5.369999999999999,5.369999999999999,0.32219999999999993,1,Monday,4,2019
YGY-98425-969,2019-04-01,63787-96257-TQ,L-M-1,Merrel Steptow,msteptow35@earthlink.net,+353 (266) 235-5189,368 Ridgeview Trail,Cherryville,Ireland,P31,No,Liberica,Medium Roast,1,1.0,14.55,14.55,1.8915000000000002,1,Monday,4,2019
JUA-13580-095,2019-04-01,55265-75151-AK,R-L-0.2,Manuel Darrigoe,mdarrigoebu@hud.gov,+353 (973) 320-9537,744 Prairie Rose Court,Longwood,Ireland,D02,Yes,Robusta,Light Roast,4,0.2,3.5849999999999995,14.339999999999998,0.21509999999999996,1,Monday,4,2019
OQA-93249-841,2019-04-05,03917-13632-KC,A-M-2.5,Herta Layne,,+1 (636) 143-8338,5495 Talisman Plaza,Saint Louis,United States,63131,Yes,Arabica,Medium Roast,6,2.5,25.874999999999996,155.24999999999997,2.3287499999999994,5,Friday,4,2019
IJK-34441-720,2019-04-05,97201-58870-WB,A-M-0.5,Darcy Lochran,,+1 (915) 776-4578,7464 Nobel Way,El Paso,United States,88519,Yes,Arabica,Medium Roast,6,0.5,6.75,40.5,0.6074999999999999,5,Friday,4,2019
CXD-74176-600,2019-04-07,70624-19112-AO,E-L-0.5,Chickie Ragless,craglessc7@webmd.com,+353 (736) 602-8469,98053 Elmside Drive,Caherconlish,Ireland,F45,No,Excelsa,Light Roast,4,0.5,8.91,35.64,0.9801,7,Sunday,4,2019
QNA-31113-984,2019-04-07,60512-78550-WS,L-M-0.2,Osmund Clausen-Thue,oclausenthue41@marriott.com,+1 (915) 558-6109,2163 Dexter Hill,El Paso,United States,88553,No,Liberica,Medium Roast,4,0.2,4.365,17.46,0.56745,7,Sunday,4,2019
ZHQ-30471-635,2019-04-08,40600-58915-WZ,L-M-0.5,Sharona Danilchik,sdanilchikl6@mit.edu,+44 (292) 975-0144,273 Nelson Parkway,Halton,United Kingdom,LS9,No,Liberica,Medium Roast,5,0.5,8.73,43.650000000000006,1.1349,8,Monday,4,2019
FEP-36895-658,2019-04-08,44699-43836-UH,R-L-0.2,Yuma Skipsey,yskipsey9z@spotify.com,+44 (257) 759-9950,321 Killdeer Center,Charlton,United Kingdom,OX12,No,Robusta,Light Roast,6,0.2,3.5849999999999995,21.509999999999998,0.21509999999999996,8,Monday,4,2019
PMV-54491-220,2019-04-11,87242-18006-IR,L-M-0.2,Lyon Ibert,libertkl@huffingtonpost.com,+1 (408) 546-0790,623 Paget Crossing,Sunnyvale,United States,94089,No,Liberica,Medium Roast,2,0.2,4.365,8.73,0.56745,11,Thursday,4,2019
DDO-71442-967,2019-04-12,89422-58281-FD,L-D-0.2,Alisun Baudino,abaudino5b@netvibes.com,+1 (202) 328-7869,07 Charing Cross Circle,Washington,United States,20436,Yes,Liberica,Dark Roast,5,0.2,3.885,19.424999999999997,0.50505,12,Friday,4,2019
XSZ-84273-421,2019-04-14,15405-60469-TM,R-M-0.5,Pen Wye,pwye2z@dagondesign.com,+1 (719) 620-1128,7 Dorton Terrace,Colorado Springs,United States,80935,Yes,Robusta,Medium Roast,3,0.5,5.97,17.91,0.35819999999999996,14,Sunday,4,2019
BRV-64870-915,2019-04-16,32070-55528-UG,L-L-2.5,Samuele Ales0,,,0023 Westport Terrace,Ballinroad,Ireland,D07,No,Liberica,Light Roast,5,2.5,36.455,182.27499999999998,4.7391499999999995,16,Tuesday,4,2019
SUB-13006-125,2019-04-17,26103-41504-IB,A-L-0.5,Ami Arnow,aarnow28@arizona.edu,+1 (650) 238-1964,12 Oakridge Court,Oakland,United States,94627,Yes,Arabica,Light Roast,5,0.5,7.77,38.849999999999994,0.6992999999999999,17,Wednesday,4,2019
RRP-51647-420,2019-04-18,89292-52335-YZ,E-D-1,Livy Lathleiff,llathleiffc9@nationalgeographic.com,+353 (895) 566-0110,0671 Scoville Way,Shankill,Ireland,A98,Yes,Excelsa,Dark Roast,3,1.0,12.15,36.45,1.3365,18,Thursday,4,2019
VVL-95291-039,2019-04-18,96516-97464-MF,E-L-0.2,Silvanus Enefer,senefermm@blog.com,+1 (202) 877-3473,52 Carey Plaza,Washington,United States,20051,No,Excelsa,Light Roast,2,0.2,4.455,8.91,0.49005,18,Thursday,4,2019
NXV-05302-067,2019-04-22,25754-33191-ZI,L-M-2.5,Mar McIver,,+1 (571) 479-3812,6 Carberry Pass,Richmond,United States,23277,No,Liberica,Medium Roast,4,2.5,33.464999999999996,133.85999999999999,4.3504499999999995,22,Monday,4,2019
LPS-39089-432,2019-04-24,97655-45555-LI,R-D-1,Baudoin Alldridge,balldridge93@yandex.ru,+1 (646) 561-0082,14 Oriole Hill,Brooklyn,United States,11215,Yes,Robusta,Dark Roast,5,1.0,8.95,44.75,0.5369999999999999,24,Wednesday,4,2019
AGQ-06534-750,2019-04-24,52798-46508-HP,A-L-1,Kevan Grinsted,kgrinstedj4@google.com.br,+353 (773) 225-6216,3 Kennedy Plaza,Tallaght,Ireland,D24,No,Arabica,Light Roast,5,1.0,12.95,64.75,1.1655,24,Wednesday,4,2019
LGD-24408-274,2019-04-25,13694-25001-LX,L-L-0.5,Silvio Strase,sstrase11@booking.com,+1 (303) 579-8015,5 Forest Lane,Denver,United States,80291,No,Liberica,Light Roast,3,0.5,9.51,28.53,1.2363,25,Thursday,4,2019
HDQ-86094-507,2019-04-27,32481-61533-ZJ,E-D-1,Parker Tofful,ptoffula4@posterous.com,+1 (310) 210-6841,97465 Almo Alley,Fresno,United States,93762,Yes,Excelsa,Dark Roast,6,1.0,12.15,72.9,1.3365,27,Saturday,4,2019
CXI-04933-855,2019-04-27,62923-29397-KX,E-L-2.5,Lacee Tanti,ltanti8b@techcrunch.com,+1 (361) 383-8015,29668 Bashford Trail,Corpus Christi,United States,78405,Yes,Excelsa,Light Roast,6,2.5,34.154999999999994,204.92999999999995,3.7570499999999996,27,Saturday,4,2019
NCH-55389-562,2019-04-27,86579-92122-OC,A-L-0.2,Brenn Dundredge,,+1 (405) 369-5173,5 Morrow Street,Oklahoma City,United States,73129,Yes,Arabica,Light Roast,2,0.2,3.885,7.77,0.34964999999999996,27,Saturday,4,2019
NCH-55389-562,2019-04-27,86579-92122-OC,R-L-2.5,Brenn Dundredge,,+1 (405) 369-5173,5 Morrow Street,Oklahoma City,United States,73129,Yes,Robusta,Light Roast,2,2.5,27.484999999999996,54.96999999999999,1.6490999999999998,27,Saturday,4,2019
NCH-55389-562,2019-04-27,86579-92122-OC,E-L-1,Brenn Dundredge,,+1 (405) 369-5173,5 Morrow Street,Oklahoma City,United States,73129,Yes,Excelsa,Light Roast,1,1.0,14.85,14.85,1.6335,27,Saturday,4,2019
MWP-46239-785,2019-04-27,87979-56781-YV,L-M-0.2,Stanford Rodliff,srodliff3g@ted.com,+1 (757) 537-3012,3 Lerdahl Parkway,Newport News,United States,23605,Yes,Liberica,Medium Roast,5,0.2,4.365,21.825000000000003,0.56745,27,Saturday,4,2019
NCH-55389-562,2019-04-27,86579-92122-OC,E-L-2.5,Brenn Dundredge,,+1 (405) 369-5173,5 Morrow Street,Oklahoma City,United States,73129,Yes,Excelsa,Light Roast,5,2.5,34.154999999999994,170.77499999999998,3.7570499999999996,27,Saturday,4,2019
FHD-89872-325,2019-04-29,31715-98714-OO,L-L-1,Killian Osler,koslerf0@gmpg.org,+1 (517) 647-5356,81 Stuart Street,Lansing,United States,48930,Yes,Liberica,Light Roast,4,1.0,15.85,63.4,2.0605,29,Monday,4,2019
KMS-49214-806,2019-04-30,50384-52703-LA,E-L-2.5,Lyndsey MacManus,lmacmanusmu@imdb.com,+1 (912) 191-6620,9 Springs Crossing,Savannah,United States,31416,No,Excelsa,Light Roast,4,2.5,34.154999999999994,136.61999999999998,3.7570499999999996,30,Tuesday,4,2019
XLD-12920-505,2019-05-01,21907-75962-VB,E-L-0.5,Marty Kidstoun,,+1 (717) 990-3931,4 Sundown Circle,Harrisburg,United States,17126,Yes,Excelsa,Light Roast,6,0.5,8.91,53.46,0.9801,1,Wednesday,5,2019
XYL-52196-459,2019-05-02,13549-65017-VE,R-D-0.2,Jennifer Wilkisson,jwilkissongf@nba.com,,26051 Golf Course Road,Huntington Beach,United States,92648,Yes,Robusta,Dark Roast,3,0.2,2.6849999999999996,8.055,0.16109999999999997,2,Thursday,5,2019
IDQ-20193-502,2019-05-06,36021-61205-DF,L-M-0.2,Rutger Pithcock,rpithcockb5@yellowbook.com,+1 (865) 655-9540,2425 Corben Street,Knoxville,United States,37924,Yes,Liberica,Medium Roast,2,0.2,4.365,8.73,0.56745,6,Monday,5,2019
MOU-74341-266,2019-05-07,99358-65399-TC,A-D-0.5,Joshuah Awdry,jawdry9q@utexas.edu,+1 (318) 747-7610,7961 Blackbird Road,Shreveport,United States,71137,No,Arabica,Dark Roast,4,0.5,5.97,23.88,0.5373,7,Tuesday,5,2019
QLM-07145-668,2019-05-09,86437-17399-FK,E-D-0.2,Colene Elgey,celgey25@webs.com,+1 (432) 261-0702,45 Marcy Crossing,Midland,United States,79705,No,Excelsa,Dark Roast,2,0.2,3.645,7.29,0.40095000000000003,9,Thursday,5,2019
SIB-83254-136,2019-05-12,45315-50206-DK,R-M-0.5,Dorian Vizor,dvizor88@furl.net,+1 (941) 130-0581,6023 Novick Parkway,Naples,United States,34108,Yes,Robusta,Medium Roast,6,0.5,5.97,35.82,0.35819999999999996,12,Sunday,5,2019
AMB-93600-000,2019-05-14,64435-53100-WM,A-L-2.5,Tomasina Cotmore,tcotmore9y@amazonaws.com,+1 (571) 250-3012,2146 Helena Court,Reston,United States,22096,No,Arabica,Light Roast,1,2.5,29.784999999999997,29.784999999999997,2.6806499999999995,14,Tuesday,5,2019
DWZ-69106-473,2019-05-15,76447-50326-IC,L-L-2.5,Karry Flanders,kflanders1f@over-blog.com,+353 (467) 720-7274,88 Blue Bill Park Avenue,Crumlin,Ireland,D6W,Yes,Liberica,Light Roast,4,2.5,36.455,145.82,4.7391499999999995,15,Wednesday,5,2019
PSY-45485-542,2019-05-17,62246-99443-HF,R-D-0.5,Araldo Bilbrook,abilbrookcs@booking.com,+353 (138) 323-3320,4 Raven Alley,Ashbourne,Ireland,A84,Yes,Robusta,Dark Roast,3,0.5,5.369999999999999,16.11,0.32219999999999993,17,Friday,5,2019
MZJ-77284-941,2019-05-18,99978-56910-BN,E-L-0.2,Emalee Rolin,erolingq@google.fr,+1 (419) 597-8743,2 Merry Center,Toledo,United States,43666,Yes,Excelsa,Light Roast,5,0.2,4.455,22.275,0.49005,18,Saturday,5,2019
UMT-26130-151,2019-05-21,55864-37682-GQ,L-M-0.2,Cecil Weatherall,cweatherallim@toplist.cz,+1 (315) 335-0182,218 5th Plaza,Syracuse,United States,13205,Yes,Liberica,Medium Roast,3,0.2,4.365,13.095,0.56745,21,Tuesday,5,2019
GPU-79113-136,2019-05-22,73284-01385-SJ,R-D-0.2,Abigail Tolworthy,atolworthy16@toplist.cz,+1 (801) 722-4425,74 Shopko Way,Ogden,United States,84409,Yes,Robusta,Dark Roast,3,0.2,2.6849999999999996,8.055,0.16109999999999997,22,Wednesday,5,2019
QDV-03406-248,2019-05-23,74126-88836-KA,L-M-0.5,Stevana Woodham,swoodham3h@businesswire.com,+353 (190) 188-4918,7 Rowland Plaza,Drumcondra,Ireland,D11,Yes,Liberica,Medium Roast,3,0.5,8.73,26.19,1.1349,23,Thursday,5,2019
NEU-86533-016,2019-06-03,96544-91644-IT,R-D-0.2,Gerardo Schonfeld,gschonfeld4j@oracle.com,+1 (571) 238-0580,60 Spohn Plaza,Alexandria,United States,22313,No,Robusta,Dark Roast,6,0.2,2.6849999999999996,16.11,0.16109999999999997,3,Monday,6,2019
MQU-86100-929,2019-06-04,64418-01720-VW,L-L-0.5,Homer Dulany,,+1 (915) 761-6081,1988 Autumn Leaf Crossing,El Paso,United States,79934,Yes,Liberica,Light Roast,4,0.5,9.51,38.04,1.2363,4,Tuesday,6,2019
ZPW-31329-741,2019-06-08,27132-68907-RC,E-M-0.2,Ailey Brash,abrashda@plala.or.jp,+1 (917) 544-7136,64700 Eagan Crossing,Flushing,United States,11388,Yes,Excelsa,Medium Roast,1,0.2,4.125,4.125,0.45375,8,Saturday,6,2019
ZPW-31329-741,2019-06-08,27132-68907-RC,R-D-1,Ailey Brash,abrashda@plala.or.jp,+1 (917) 544-7136,64700 Eagan Crossing,Flushing,United States,11388,Yes,Robusta,Dark Roast,6,1.0,8.95,53.699999999999996,0.5369999999999999,8,Saturday,6,2019
ZPW-31329-741,2019-06-08,27132-68907-RC,E-M-2.5,Ailey Brash,abrashda@plala.or.jp,+1 (917) 544-7136,64700 Eagan Crossing,Flushing,United States,11388,Yes,Excelsa,Medium Roast,4,2.5,31.624999999999996,126.49999999999999,3.47875,8,Saturday,6,2019
VPX-44956-367,2019-06-09,39582-35773-ZJ,R-M-0.5,Vasili Upstone,vupstoneei@google.pl,+1 (785) 366-9983,7 Dunning Trail,Topeka,United States,66617,No,Robusta,Medium Roast,5,0.5,5.97,29.849999999999998,0.35819999999999996,9,Sunday,6,2019
YFH-87456-208,2019-06-12,23600-98432-ME,L-M-0.2,Sinclare Edsell,,+1 (302) 746-8950,226 Harper Place,Newark,United States,19725,Yes,Liberica,Medium Roast,2,0.2,4.365,8.73,0.56745,12,Wednesday,6,2019
PCA-14081-576,2019-06-13,63112-10870-LC,R-L-0.2,Lukas Whittlesee,lwhittleseem1@e-recht24.de,+1 (540) 413-9605,720 Victoria Parkway,Roanoke,United States,24009,No,Robusta,Light Roast,5,0.2,3.5849999999999995,17.924999999999997,0.21509999999999996,13,Thursday,6,2019
TDZ-59011-211,2019-06-13,57611-05522-ST,R-D-2.5,Pall Redford,predfordi@ow.ly,,7337 Hayes Junction,Caherconlish,Ireland,F45,Yes,Robusta,Dark Roast,4,2.5,20.584999999999997,82.33999999999999,1.2350999999999999,13,Thursday,6,2019
FWD-85967-769,2019-06-14,20256-54689-LO,E-D-0.2,Brittani Thoresbie,,+1 (303) 606-9146,643 Logan Plaza,Englewood,United States,80150,No,Excelsa,Dark Roast,3,0.2,3.645,10.935,0.40095000000000003,14,Friday,6,2019
WFK-99317-827,2019-06-16,32058-76765-ZL,L-D-2.5,Devan Crownshaw,dcrownshawnr@photobucket.com,+1 (610) 576-4733,25669 Spohn Plaza,Allentown,United States,18105,No,Liberica,Dark Roast,3,2.5,29.784999999999997,89.35499999999999,3.8720499999999998,16,Sunday,6,2019
LCU-93317-340,2019-06-17,84996-26826-DK,R-D-0.2,Scarlett Oliffe,soliffeop@yellowbook.com,+1 (212) 198-9134,1866 Ohio Point,Jamaica,United States,11470,Yes,Robusta,Dark Roast,1,0.2,2.6849999999999996,2.6849999999999996,0.16109999999999997,17,Monday,6,2019
XED-90333-402,2019-06-19,28300-14355-GF,E-M-0.2,Patsy Vasilenko,pvasilenkoos@addtoany.com,+44 (116) 714-6469,56 Ridge Oak Point,Preston,United Kingdom,PR1,No,Excelsa,Medium Roast,5,0.2,4.125,20.625,0.45375,19,Wednesday,6,2019
YIE-87008-621,2019-06-22,22503-52799-MI,L-M-0.5,Shelley Titley,stitleynu@whitehouse.gov,+1 (701) 350-6149,8279 Old Gate Lane,Fargo,United States,58122,No,Liberica,Medium Roast,4,0.5,8.73,34.92,1.1349,22,Saturday,6,2019
MPV-26985-215,2019-06-23,51466-52850-AG,R-D-0.5,Amity Chatto,achatto7v@sakura.ne.jp,+44 (522) 740-3583,2 Morrow Hill,Sheffield,United Kingdom,S33,Yes,Robusta,Dark Roast,1,0.5,5.369999999999999,5.369999999999999,0.32219999999999993,23,Sunday,6,2019
QOJ-38788-727,2019-06-24,16358-63919-CE,E-M-2.5,Hall Ranner,hrannerp2@omniture.com,+1 (513) 635-0251,51 Sunfield Crossing,Cincinnati,United States,45249,No,Excelsa,Medium Roast,5,2.5,31.624999999999996,158.12499999999997,3.47875,24,Monday,6,2019
VKA-82720-513,2019-06-24,12299-30914-NG,A-M-2.5,Grete Holborn,gholborn4b@ow.ly,+1 (203) 577-5788,124 Sycamore Point,Norwalk,United States,6854,Yes,Arabica,Medium Roast,6,2.5,25.874999999999996,155.24999999999997,2.3287499999999994,24,Monday,6,2019
CZY-70361-485,2019-06-25,83308-82257-UN,E-L-2.5,Nanny Lush,nlush8s@dedecms.com,+353 (360) 805-4030,1 Annamark Drive,Ballivor,Ireland,D17,No,Excelsa,Light Roast,6,2.5,34.154999999999994,204.92999999999995,3.7570499999999996,25,Tuesday,6,2019
GPR-19973-483,2019-06-26,92926-08470-YS,R-D-0.5,Betty Fominov,bfominov33@yale.edu,,305 Tennyson Court,Pensacola,United States,32575,No,Robusta,Dark Roast,5,0.5,5.369999999999999,26.849999999999994,0.32219999999999993,26,Wednesday,6,2019
LTN-89139-350,2019-06-27,07756-71018-GU,R-L-2.5,Kacy Canto,kcantor4@gmpg.org,+1 (260) 735-9621,43 Doe Crossing Center,Fort Wayne,United States,46896,Yes,Robusta,Light Roast,5,2.5,27.484999999999996,137.42499999999998,1.6490999999999998,27,Thursday,6,2019
VMW-26889-781,2019-06-28,36078-91009-WU,A-L-0.2,Arda Curley,acurley1b@hao123.com,+1 (760) 840-3808,45098 Scott Drive,San Bernardino,United States,92415,Yes,Arabica,Light Roast,2,0.2,3.885,7.77,0.34964999999999996,28,Friday,6,2019
KYS-27063-603,2019-06-30,69958-32065-SW,E-L-2.5,Shannon List,slist1y@mapquest.com,+1 (614) 279-9816,7123 Algoma Center,Columbus,United States,43231,No,Excelsa,Light Roast,4,2.5,34.154999999999994,136.61999999999998,3.7570499999999996,30,Sunday,6,2019
CZF-40873-691,2019-06-30,64988-20636-XQ,E-M-0.5,Silas Deehan,,,77 Sycamore Pass,Charlton,United Kingdom,OX12,No,Excelsa,Medium Roast,2,0.5,8.25,16.5,0.9075,30,Sunday,6,2019
GPZ-36017-366,2019-07-01,65732-22589-OW,A-D-2.5,Kippie Marrison,kmarrisonoq@dropbox.com,+1 (303) 808-6803,84 Sutherland Alley,Denver,United States,80243,Yes,Arabica,Dark Roast,5,2.5,22.884999999999998,114.42499999999998,2.0596499999999995,1,Monday,7,2019
GVG-59542-307,2019-07-02,26314-66792-VP,E-M-1,Bran Sterke,bsterkekw@biblegateway.com,+1 (682) 617-0470,0066 Hanover Avenue,Fort Worth,United States,76198,Yes,Excelsa,Medium Roast,2,1.0,13.75,27.5,1.5125,2,Tuesday,7,2019
DTB-71371-705,2019-07-03,48544-90737-AZ,L-D-1,Chiarra Shalders,cshaldersqx@cisco.com,+1 (305) 787-2810,445 Heath Terrace,Clearwater,United States,34620,Yes,Liberica,Dark Roast,1,1.0,12.95,12.95,1.6835,3,Wednesday,7,2019
CQW-37388-302,2019-07-03,97741-98924-KT,A-D-2.5,Willabella Harvison,wharvisonjx@gizmodo.com,+1 (610) 316-8430,0 Sachs Way,Philadelphia,United States,19104,No,Arabica,Dark Roast,3,2.5,22.884999999999998,68.655,2.0596499999999995,3,Wednesday,7,2019
CYV-13426-645,2019-07-06,88593-59934-VU,E-D-1,Evelina Dacca,edacca3l@google.pl,+1 (812) 921-5458,83150 Dixon Park,Evansville,United States,47737,Yes,Excelsa,Dark Roast,1,1.0,12.15,12.15,1.3365,6,Saturday,7,2019
LRK-97117-150,2019-07-08,33000-22405-LO,L-L-1,Sean Lorenzetti,slorenzettidl@is.gd,+1 (915) 581-0694,1104 Paget Lane,El Paso,United States,79945,No,Liberica,Light Roast,6,1.0,15.85,95.1,2.0605,8,Monday,7,2019
OGY-19377-175,2019-07-09,49084-44492-OJ,E-D-0.5,Barney Chisnell,,,5915 Hallows Court,Tullamore,Ireland,R35,Yes,Excelsa,Dark Roast,1,0.5,7.29,7.29,0.8019000000000001,9,Tuesday,7,2019
AXN-57779-891,2019-07-14,09668-23340-IC,R-M-0.2,Donavon Fowle,dfowlegr@epa.gov,,1 Mockingbird Trail,Colorado Springs,United States,80945,No,Robusta,Medium Roast,3,0.2,2.985,8.955,0.17909999999999998,14,Sunday,7,2019
TBB-29780-459,2019-07-15,61437-83623-PZ,A-L-0.5,Vivyan Dunning,vdunningji@independent.co.uk,,9681 Dapin Center,Punta Gorda,United States,33982,Yes,Arabica,Light Roast,1,0.5,7.77,7.77,0.6992999999999999,15,Monday,7,2019
XXJ-47000-307,2019-07-18,31582-23562-FM,A-L-2.5,Jeffrey Dufaire,jdufaire2d@fc2.com,,8 Buell Junction,Fort Worth,United States,76121,No,Arabica,Light Roast,3,2.5,29.784999999999997,89.35499999999999,2.6806499999999995,18,Thursday,7,2019
HST-96923-073,2019-07-18,54722-76431-EX,R-D-2.5,Helli Petroulis,hpetroulisol@state.tx.us,+353 (783) 893-0842,56 Hollow Ridge Circle,Mullagh,Ireland,V31,No,Robusta,Dark Roast,6,2.5,20.584999999999997,123.50999999999999,1.2350999999999999,18,Thursday,7,2019
XXJ-47000-307,2019-07-18,31582-23562-FM,A-D-0.2,Jeffrey Dufaire,jdufaire2d@fc2.com,,8 Buell Junction,Fort Worth,United States,76121,No,Arabica,Dark Roast,4,0.2,2.985,11.94,0.26865,18,Thursday,7,2019
OQS-46321-904,2019-07-20,19597-91185-CM,E-M-1,Diena Peetermann,,+1 (913) 671-7118,05926 Northfield Parkway,Shawnee Mission,United States,66276,No,Excelsa,Medium Roast,1,1.0,13.75,13.75,1.5125,20,Saturday,7,2019
MIU-01481-194,2019-07-21,08439-55669-AI,A-L-0.5,Rafferty Pursglove,rpursglovel9@biblegateway.com,+1 (214) 813-8745,4 Buena Vista Circle,Garland,United States,75044,Yes,Arabica,Light Roast,2,0.5,7.77,15.54,0.6992999999999999,21,Sunday,7,2019
MIU-01481-194,2019-07-21,08439-55669-AI,R-M-1,Rafferty Pursglove,rpursglovel9@biblegateway.com,+1 (214) 813-8745,4 Buena Vista Circle,Garland,United States,75044,Yes,Robusta,Medium Roast,6,1.0,9.95,59.699999999999996,0.597,21,Sunday,7,2019
VSQ-07182-513,2019-07-23,18366-65239-WF,L-L-0.2,Brendan Grece,bgrecefm@naver.com,+44 (933) 508-3795,5 Butterfield Plaza,Halton,United Kingdom,LS9,No,Liberica,Light Roast,6,0.2,4.755,28.53,0.61815,23,Tuesday,7,2019
ZQI-47236-301,2019-07-25,23446-47798-ID,L-L-0.5,Carmelita Thowes,cthowescp@craigslist.org,+1 (585) 785-2424,33398 Hallows Circle,Rochester,United States,14652,No,Liberica,Light Roast,5,0.5,9.51,47.55,1.2363,25,Thursday,7,2019
UVF-59322-459,2019-07-25,53971-49906-PZ,E-L-2.5,Daniel Heinonen,dheinonengd@printfriendly.com,,715 Kropf Hill,Decatur,United States,30033,No,Excelsa,Light Roast,6,2.5,34.154999999999994,204.92999999999995,3.7570499999999996,25,Thursday,7,2019
JQT-14347-517,2019-07-26,11621-09964-ID,R-D-1,Lorelei Nardoni,lnardonil2@hao123.com,,77724 Roxbury Road,Saint Louis,United States,63126,No,Robusta,Dark Roast,1,1.0,8.95,8.95,0.5369999999999999,26,Friday,7,2019
UJQ-54441-340,2019-07-30,26822-19510-SD,A-L-0.2,Gabie Tweed,gtweed8v@yolasite.com,,0 Fairview Lane,Fresno,United States,93715,Yes,Arabica,Light Roast,5,0.2,3.885,19.424999999999997,0.34964999999999996,30,Tuesday,7,2019
UJQ-54441-340,2019-07-30,26822-19510-SD,E-M-0.2,Gabie Tweed,gtweed8v@yolasite.com,,0 Fairview Lane,Fresno,United States,93715,Yes,Excelsa,Medium Roast,2,0.2,4.125,8.25,0.45375,30,Tuesday,7,2019
LCB-02099-995,2019-07-31,06757-96251-UH,A-D-0.2,Gran Sibray,gsibrayb2@wsj.com,+1 (360) 389-5295,5018 Iowa Pass,Vancouver,United States,98664,Yes,Arabica,Dark Roast,6,0.2,2.985,17.91,0.26865,31,Wednesday,7,2019
MIQ-16322-908,2019-08-03,20118-28138-QD,A-L-1,Jaquenette Skentelbery,jskentelberyoa@paypal.com,+1 (713) 976-5419,90235 Holy Cross Parkway,Houston,United States,77281,No,Arabica,Light Roast,2,1.0,12.95,25.9,1.1655,3,Saturday,8,2019
HXL-22497-359,2019-08-06,64875-71224-UI,A-L-1,Marlena Howsden,mhowsden5f@infoseek.co.jp,+1 (901) 806-9640,0410 Autumn Leaf Drive,Memphis,United States,38150,No,Arabica,Light Roast,3,1.0,12.95,38.849999999999994,1.1655,6,Tuesday,8,2019
HTS-15020-632,2019-08-06,53817-13148-RK,R-M-0.2,Gregg Hawkyens,ghawkyensbj@census.gov,,48 Vidon Street,Lafayette,United States,70593,No,Robusta,Medium Roast,3,0.2,2.985,8.955,0.17909999999999998,6,Tuesday,8,2019
ITY-92466-909,2019-08-07,34927-68586-ZV,A-M-2.5,Neville Piatto,,+353 (573) 561-9754,118 Vermont Junction,Daingean,Ireland,E91,Yes,Arabica,Medium Roast,3,2.5,25.874999999999996,77.62499999999999,2.3287499999999994,7,Wednesday,8,2019
QOO-24615-950,2019-08-07,01338-83217-GV,R-M-2.5,Mord Meriet,mmeriet56@noaa.gov,+1 (701) 560-2604,56000 Kedzie Alley,Grand Forks,United States,58207,No,Robusta,Medium Roast,3,2.5,22.884999999999998,68.655,1.3730999999999998,7,Wednesday,8,2019
PNU-22150-408,2019-08-11,77408-43873-RS,A-D-0.2,Nathaniel Bloxland,,+353 (652) 208-7526,04385 Tony Alley,Daingean,Ireland,E91,Yes,Arabica,Dark Roast,6,0.2,2.985,17.91,0.26865,11,Sunday,8,2019
FDY-03414-903,2019-08-12,94840-49457-UD,A-D-0.5,Quinn Parsons,qparsons98@blogtalkradio.com,+1 (323) 848-5169,47 Farwell Park,Los Angeles,United States,90094,Yes,Arabica,Dark Roast,3,0.5,5.97,17.91,0.5373,12,Monday,8,2019
VYD-28555-589,2019-08-13,29814-01459-RC,R-L-0.5,Ashbey Tomaszewski,atomaszewskiaj@answers.com,,7685 Oxford Crossing,Sutton,United Kingdom,CT15,Yes,Robusta,Light Roast,6,0.5,7.169999999999999,43.019999999999996,0.4301999999999999,13,Tuesday,8,2019
NYY-73968-094,2019-08-15,70451-38048-AH,R-D-0.5,Noam Climance,nclimance9j@europa.eu,,34 Orin Crossing,Seattle,United States,98148,No,Robusta,Dark Roast,6,0.5,5.369999999999999,32.22,0.32219999999999993,15,Thursday,8,2019
GRH-45571-667,2019-08-16,32291-18308-YZ,E-M-1,Javier Kopke,jkopke7a@auda.org.au,+1 (253) 638-4435,04 Hanson Junction,Tacoma,United States,98464,No,Excelsa,Medium Roast,3,1.0,13.75,41.25,1.5125,16,Friday,8,2019
NYQ-24237-772,2019-08-16,13441-34686-SW,L-D-0.5,Johna Bluck,jbluckjc@imageshack.us,+1 (904) 875-3139,8387 Del Sol Drive,Jacksonville,United States,32230,No,Liberica,Dark Roast,4,0.5,7.77,31.08,1.0101,16,Friday,8,2019
WDR-06028-345,2019-08-16,66508-21373-OQ,L-L-1,Ingeberg Mulliner,imulliner37@pinterest.com,+44 (331) 777-9556,61 Oak Valley Trail,Birmingham,United Kingdom,B40,No,Liberica,Light Roast,1,1.0,15.85,15.85,2.0605,16,Friday,8,2019
MOR-12987-399,2019-08-17,34015-31593-JC,L-M-1,Emiline Priddis,epriddis2w@nationalgeographic.com,+1 (205) 133-0205,62 Amoth Terrace,Tuscaloosa,United States,35487,No,Liberica,Medium Roast,6,1.0,14.55,87.30000000000001,1.8915000000000002,17,Saturday,8,2019
SUZ-83036-175,2019-08-20,55915-19477-MK,R-D-0.2,Alica Kift,,+1 (209) 133-9447,4214 Amoth Avenue,Garden Grove,United States,92645,No,Robusta,Dark Roast,5,0.2,2.6849999999999996,13.424999999999997,0.16109999999999997,20,Tuesday,8,2019
TED-81959-419,2019-08-26,27702-50024-XC,A-L-2.5,Noni Furber,nfurberqz@jugem.jp,+1 (817) 813-2784,565 Sloan Avenue,Fort Worth,United States,76121,No,Arabica,Light Roast,5,2.5,29.784999999999997,148.92499999999998,2.6806499999999995,26,Monday,8,2019
DXA-50313-073,2019-08-30,19755-55847-VW,E-L-1,Peyter Matignon,pmatignono7@harvard.edu,+44 (792) 626-3977,3162 Arizona Way,Kirkton,United Kingdom,KW10,Yes,Excelsa,Light Roast,2,1.0,14.85,29.7,1.6335,30,Friday,8,2019
XWD-18933-006,2019-08-31,79420-11075-MY,A-L-0.2,Emlynne Palfrey,epalfrey7q@devhub.com,+1 (260) 500-7893,2793 Vera Point,Fort Wayne,United States,46852,Yes,Arabica,Light Roast,2,0.2,3.885,7.77,0.34964999999999996,31,Saturday,8,2019
MBM-00112-248,2019-09-02,50238-24377-ZS,L-L-1,Currey MacAllister,,+1 (203) 490-3839,07300 Walton Point,Danbury,United States,6816,Yes,Liberica,Light Roast,5,1.0,15.85,79.25,2.0605,2,Monday,9,2019
WXT-85291-143,2019-09-04,81414-81273-DK,R-M-0.5,Vivyan Ceely,vceely99@auda.org.au,+1 (410) 876-8486,080 Stoughton Hill,Baltimore,United States,21275,Yes,Robusta,Medium Roast,4,0.5,5.97,23.88,0.35819999999999996,4,Wednesday,9,2019
QEV-37451-860,2019-09-05,17670-51384-MA,R-M-1,Aloisia Allner,aallner0@lulu.com,+1 (862) 817-0124,57999 Pepper Wood Alley,Paterson,United States,7505,Yes,Robusta,Medium Roast,2,1.0,9.95,19.9,0.597,5,Thursday,9,2019
QEV-37451-860,2019-09-05,17670-51384-MA,E-M-0.5,Aloisia Allner,aallner0@lulu.com,+1 (862) 817-0124,57999 Pepper Wood Alley,Paterson,United States,7505,Yes,Excelsa,Medium Roast,5,0.5,8.25,41.25,0.9075,5,Thursday,9,2019
NWQ-70061-912,2019-09-05,61021-27840-ZN,R-M-0.5,Rodger Raven,rraven9@ed.gov,+1 (213) 263-0288,1 Reinke Avenue,Los Angeles,United States,90065,No,Robusta,Medium Roast,1,0.5,5.97,5.97,0.35819999999999996,5,Thursday,9,2019
ITE-28312-615,2019-09-06,56450-21890-HK,E-L-1,Chuck Kendrick,ckendrickl5@webnode.com,,74028 Hansons Crossing,Monroe,United States,71213,Yes,Excelsa,Light Roast,6,1.0,14.85,89.1,1.6335,6,Friday,9,2019
JAF-18294-750,2019-09-06,73564-98204-EY,R-D-2.5,Say Risborough,,+1 (423) 485-6650,57914 Brentwood Junction,Chattanooga,United States,37416,Yes,Robusta,Dark Roast,6,2.5,20.584999999999997,123.50999999999999,1.2350999999999999,6,Friday,9,2019
UFZ-24348-219,2019-09-07,27930-59250-JT,L-M-2.5,Allis Wilmore,,+1 (713) 984-5207,94 Moulton Street,Houston,United States,77260,No,Liberica,Medium Roast,3,2.5,33.464999999999996,100.39499999999998,4.3504499999999995,7,Saturday,9,2019
HRM-94548-288,2019-09-08,08934-65581-ZI,A-L-2.5,Redd Simao,rsimaonv@simplemachines.org,+1 (479) 898-5090,37 Ridgeway Street,Fort Smith,United States,72905,No,Arabica,Light Roast,6,2.5,29.784999999999997,178.70999999999998,2.6806499999999995,8,Sunday,9,2019
UBI-59229-277,2019-09-11,00886-35803-FG,L-D-0.5,Edeline Edney,,+1 (205) 866-7629,43 Crest Line Road,Birmingham,United States,35263,No,Liberica,Dark Roast,3,0.5,7.77,23.31,1.0101,11,Wednesday,9,2019
YHV-68700-050,2019-09-11,26333-67911-OL,R-M-0.5,Hartley Mattioli,hmattioli1g@webmd.com,,126 Valley Edge Street,Kinloch,United Kingdom,PH43,No,Robusta,Medium Roast,5,0.5,5.97,29.849999999999998,0.35819999999999996,11,Wednesday,9,2019
YHV-68700-050,2019-09-11,26333-67911-OL,L-L-2.5,Hartley Mattioli,hmattioli1g@webmd.com,,126 Valley Edge Street,Kinloch,United Kingdom,PH43,No,Liberica,Light Roast,2,2.5,36.455,72.91,4.7391499999999995,11,Wednesday,9,2019
MHM-44857-599,2019-09-12,26295-44907-DK,L-D-1,Ambrosio Weinmann,aweinmannj8@shinystat.com,+1 (513) 966-3308,8 Waywood Alley,Cincinnati,United States,45999,No,Liberica,Dark Roast,1,1.0,12.95,12.95,1.6835,12,Thursday,9,2019
BWK-39400-446,2019-09-12,61302-06948-EH,L-D-0.5,Fleur Parres,fparresb1@imageshack.us,+1 (585) 672-4256,641 Steensland Pass,Rochester,United States,14609,Yes,Liberica,Dark Roast,4,0.5,7.77,31.08,1.0101,12,Thursday,9,2019
KXN-85094-246,2019-09-13,81744-27332-RR,L-M-2.5,Bunny Naulls,bnaulls2a@tiny.cc,+353 (809) 128-0755,595 Melby Avenue,Adare,Ireland,H54,Yes,Liberica,Medium Roast,3,2.5,33.464999999999996,100.39499999999998,4.3504499999999995,13,Friday,9,2019
HTY-30660-254,2019-09-16,83844-95908-RX,R-M-1,Joey Jefferys,jjefferysqt@blog.com,,526 Helena Crossing,Los Angeles,United States,90040,Yes,Robusta,Medium Roast,3,1.0,9.95,29.849999999999998,0.597,16,Monday,9,2019
CIX-22904-641,2019-09-17,78012-56878-UB,R-M-1,Grazia Oats,goatsny@live.com,+1 (213) 813-1072,7552 Dottie Road,Los Angeles,United States,90030,Yes,Robusta,Medium Roast,1,1.0,9.95,9.95,0.597,17,Tuesday,9,2019
BRJ-19414-277,2019-09-17,16809-16936-WF,R-M-0.2,Modesty MacConnechie,mmacconnechieo9@reuters.com,+1 (304) 620-6008,526 Onsgard Park,Charleston,United States,25362,Yes,Robusta,Medium Roast,4,0.2,2.985,11.94,0.17909999999999998,17,Tuesday,9,2019
YLK-78851-470,2019-09-18,58559-08254-UY,R-M-2.5,Paulie Fonzone,,+1 (518) 905-1184,596 Manufacturers Alley,Albany,United States,12205,Yes,Robusta,Medium Roast,6,2.5,22.884999999999998,137.31,1.3730999999999998,18,Wednesday,9,2019
EQI-82205-066,2019-09-20,52316-30571-GD,R-M-2.5,Maxim McParland,mmcparlandi7@w3.org,,17 Valley Edge Terrace,Cedar Rapids,United States,52405,Yes,Robusta,Medium Roast,2,2.5,22.884999999999998,45.769999999999996,1.3730999999999998,20,Friday,9,2019
ZDC-64769-740,2019-09-21,79463-01597-FQ,E-M-0.5,Sharl Southerill,,+1 (865) 959-4075,39 Nelson Pass,Amarillo,United States,79165,No,Excelsa,Medium Roast,1,0.5,8.25,8.25,0.9075,21,Saturday,9,2019
TJE-91516-344,2019-09-22,49894-06550-OQ,E-M-1,Adolphe Treherne,atrehernecv@state.tx.us,+353 (860) 359-7907,66 Sundown Place,Farranacoush,Ireland,P81,No,Excelsa,Medium Roast,2,1.0,13.75,27.5,1.5125,22,Sunday,9,2019
QHL-27188-431,2019-09-28,75443-07820-DZ,L-L-0.5,Barrett Gudde,bguddejg@dailymotion.com,,1 Buhler Trail,San Francisco,United States,94121,No,Liberica,Light Roast,2,0.5,9.51,19.02,1.2363,28,Saturday,9,2019
NOY-99738-977,2019-09-29,82872-34456-LJ,R-L-2.5,Madelaine Sharples,,+44 (572) 727-1868,0 Mayfield Avenue,Newton,United Kingdom,IV1,Yes,Robusta,Light Roast,2,2.5,27.484999999999996,54.96999999999999,1.6490999999999998,29,Sunday,9,2019
OHX-11953-965,2019-10-01,19524-21432-XP,E-L-2.5,Temple Castiglione,tcastiglionegz@xing.com,+1 (318) 820-6128,0915 Novick Avenue,Shreveport,United States,71105,No,Excelsa,Light Roast,2,2.5,34.154999999999994,68.30999999999999,3.7570499999999996,1,Tuesday,10,2019
WTT-91832-645,2019-10-03,24344-88599-PP,A-M-1,Hussein Olliff,holliffkq@sciencedirect.com,+353 (203) 716-7239,251 Shoshone Terrace,Stradbally,Ireland,Y34,No,Arabica,Medium Roast,3,1.0,11.25,33.75,1.0125,3,Thursday,10,2019
QNP-18893-547,2019-10-04,76930-61689-CH,R-L-1,Elonore Goodings,,,7 Grim Point,Salt Lake City,United States,84125,No,Robusta,Light Roast,5,1.0,11.95,59.75,0.717,4,Friday,10,2019
IDJ-55379-750,2019-10-05,24040-20817-QB,R-M-1,Angelia Cleyburn,acleyburngy@lycos.com,+1 (754) 355-3802,45127 Melvin Avenue,Fort Lauderdale,United States,33345,No,Robusta,Medium Roast,4,1.0,9.95,39.8,0.597,5,Saturday,10,2019
WAG-26945-689,2019-10-08,50124-88608-EO,A-M-0.2,Vivie Danneil,vdanneilr@mtv.com,+353 (751) 346-0399,5626 Darwin Avenue,Tralee,Ireland,V92,No,Arabica,Medium Roast,5,0.2,3.375,16.875,0.30374999999999996,8,Tuesday,10,2019
FMT-94584-786,2019-10-08,86504-96610-BH,A-L-1,Katerina Melloi,kmelloi4y@imdb.com,+1 (315) 525-0805,1930 Haas Way,Rochester,United States,14614,No,Arabica,Light Roast,2,1.0,12.95,25.9,1.1655,8,Tuesday,10,2019
NJR-03699-189,2019-10-08,95152-82155-VQ,E-D-2.5,Goldie Wynes,gwynespn@dagondesign.com,+1 (512) 118-8603,5251 Everett Way,Austin,United States,78726,No,Excelsa,Dark Roast,1,2.5,27.945,27.945,3.07395,8,Tuesday,10,2019
UBI-83843-396,2019-10-09,58816-74064-TF,R-L-1,Nanny Izhakov,nizhakovdd@aol.com,+44 (570) 683-9517,013 Tennyson Terrace,Seaton,United Kingdom,LE15,No,Robusta,Light Roast,2,1.0,11.95,23.9,0.717,9,Wednesday,10,2019
UME-75640-698,2019-10-11,62494-09113-RP,A-M-0.5,Marguerite Graves,,+1 (479) 204-9111,91413 Scott Way,Fort Smith,United States,72905,No,Arabica,Medium Roast,4,0.5,6.75,27.0,0.6074999999999999,11,Friday,10,2019
AZF-45991-584,2019-10-12,73759-17258-KA,A-D-2.5,Lora Dukes,,+353 (963) 987-6580,4 Lakewood Gardens Lane,Boyle,Ireland,F52,Yes,Arabica,Dark Roast,1,2.5,22.884999999999998,22.884999999999998,2.0596499999999995,12,Saturday,10,2019
TFY-52090-386,2019-10-13,08613-17327-XT,E-L-0.5,Lucienne Scargle,lscargle9h@myspace.com,+1 (317) 136-7045,62 Pepper Wood Plaza,Indianapolis,United States,46295,No,Excelsa,Light Roast,2,0.5,8.91,17.82,0.9801,13,Sunday,10,2019
TFY-52090-386,2019-10-13,08613-17327-XT,L-D-0.5,Lucienne Scargle,lscargle9h@myspace.com,+1 (317) 136-7045,62 Pepper Wood Plaza,Indianapolis,United States,46295,No,Liberica,Dark Roast,5,0.5,7.77,38.849999999999994,1.0101,13,Sunday,10,2019
WYL-29300-070,2019-10-16,42770-36274-QA,R-M-0.2,Hayward Goulter,hgoulter1w@abc.net.au,+1 (423) 764-7751,2081 Mariners Cove Drive,Kingsport,United States,37665,No,Robusta,Medium Roast,1,0.2,2.985,2.985,0.17909999999999998,16,Wednesday,10,2019
EFB-72860-209,2019-10-17,53035-99701-WG,A-M-0.2,Byram Mergue,bmergue7y@umn.edu,,801 Sloan Plaza,Canton,United States,44710,Yes,Arabica,Medium Roast,4,0.2,3.375,13.5,0.30374999999999996,17,Thursday,10,2019
RDW-33155-159,2019-10-19,62173-15287-CU,A-L-1,Rhianon Broxup,rbroxuph@jimdo.com,+1 (713) 663-1338,83517 Thierer Court,Houston,United States,77240,No,Arabica,Light Roast,6,1.0,12.95,77.69999999999999,1.1655,19,Saturday,10,2019
QBB-07903-622,2019-10-21,32622-54551-UC,R-L-1,Minetta Ackrill,mackrillbw@bandcamp.com,+1 (330) 603-2373,4 Arizona Road,Warren,United States,44485,No,Robusta,Light Roast,5,1.0,11.95,59.75,0.717,21,Monday,10,2019
RXN-55491-201,2019-10-21,86071-79238-CX,R-L-0.2,Ronda Pyson,rpysono0@constantcontact.com,+353 (836) 436-1472,850 Jenna Court,Clones,Ireland,H23,No,Robusta,Light Roast,6,0.2,3.5849999999999995,21.509999999999998,0.21509999999999996,21,Monday,10,2019
RFH-64349-897,2019-10-22,61954-61462-RJ,E-D-0.5,Muffin Yallop,myallop3a@fema.gov,+1 (907) 267-1236,1 Beilfuss Junction,Anchorage,United States,99507,Yes,Excelsa,Dark Roast,3,0.5,7.29,21.87,0.8019000000000001,22,Tuesday,10,2019
DYP-74337-787,2019-10-23,41486-52502-QQ,R-M-0.5,Gunilla Lynch,,+1 (916) 626-5223,9945 Eagan Circle,Sacramento,United States,94207,No,Robusta,Medium Roast,1,0.5,5.97,5.97,0.35819999999999996,23,Wednesday,10,2019
OKU-29966-417,2019-10-23,76192-13390-HZ,E-L-0.2,Granville Alberts,galbertsfc@etsy.com,+44 (788) 686-0408,0 Pierstorff Center,Belfast,United Kingdom,BT2,Yes,Excelsa,Light Roast,4,0.2,4.455,17.82,0.49005,23,Wednesday,10,2019
PSD-57291-590,2019-10-24,37191-12203-MX,A-M-0.5,Perkin Stonner,pstonner8e@moonfruit.com,+1 (410) 158-5285,09771 Rigney Center,Baltimore,United States,21290,No,Arabica,Medium Roast,1,0.5,6.75,6.75,0.6074999999999999,24,Thursday,10,2019
CQM-49696-263,2019-10-25,76534-45229-SG,L-L-2.5,Sheppard Yann,syann29@senate.gov,+1 (719) 803-5276,4 Farmco Place,Colorado Springs,United States,80930,Yes,Liberica,Light Roast,3,2.5,36.455,109.365,4.7391499999999995,25,Friday,10,2019
THA-60599-417,2019-10-26,59971-35626-YJ,A-M-2.5,Fielding Keinrat,fkeinrat4c@dailymail.co.uk,+1 (817) 785-7050,99382 Hagan Hill,Arlington,United States,76011,Yes,Arabica,Medium Roast,3,2.5,25.874999999999996,77.62499999999999,2.3287499999999994,26,Saturday,10,2019
IGK-51227-573,2019-10-26,46959-60474-LT,L-D-0.5,Bob Giannazzi,bgiannazzidm@apple.com,+1 (754) 827-8970,57 Division Plaza,Fort Lauderdale,United States,33355,No,Liberica,Dark Roast,2,0.5,7.77,15.54,1.0101,26,Saturday,10,2019
YTW-40242-005,2019-10-28,01035-70465-UO,L-D-1,Anselma Attwater,aattwater5u@wikia.com,+1 (434) 821-8618,72 Maryland Terrace,Charlottesville,United States,22908,Yes,Liberica,Dark Roast,4,1.0,12.95,51.8,1.6835,28,Monday,10,2019
DFK-35846-692,2019-11-03,49612-33852-CN,R-D-0.2,Marris Grcic,,,758 Acker Point,Lynchburg,United States,24515,Yes,Robusta,Dark Roast,5,0.2,2.6849999999999996,13.424999999999997,0.16109999999999997,3,Sunday,11,2019
QPM-95832-683,2019-11-06,35058-04550-VC,L-L-1,Murdock Hame,mhame5y@newsvine.com,+353 (649) 297-0884,0 Burning Wood Drive,Balally,Ireland,D04,No,Liberica,Light Roast,2,1.0,15.85,31.7,2.0605,6,Wednesday,11,2019
DJH-05202-380,2019-11-07,85589-17020-CX,E-M-2.5,Donna Baskeyfied,,+1 (205) 923-1460,7586 Logan Avenue,Birmingham,United States,35205,Yes,Excelsa,Medium Roast,2,2.5,31.624999999999996,63.24999999999999,3.47875,7,Thursday,11,2019
YVH-19865-819,2019-11-09,08946-56610-IH,L-L-2.5,Lacee Burtenshaw,lburtenshawlp@shinystat.com,+1 (678) 536-4251,8 Prentice Way,Lawrenceville,United States,30045,No,Liberica,Light Roast,4,2.5,36.455,145.82,4.7391499999999995,9,Saturday,11,2019
IOQ-84840-827,2019-11-12,32038-81174-JF,A-M-1,Cornie Venour,cvenourfx@ask.com,+1 (318) 578-8039,90 Commercial Pass,Shreveport,United States,71161,No,Arabica,Medium Roast,6,1.0,11.25,67.5,1.0125,12,Tuesday,11,2019
GPT-67705-953,2019-11-12,70631-33225-MZ,A-M-0.2,Correy Bourner,cbournermw@chronoengine.com,,6058 Lunder Junction,Charlotte,United States,28299,Yes,Arabica,Medium Roast,5,0.2,3.375,16.875,0.30374999999999996,12,Tuesday,11,2019
OVI-27064-381,2019-11-13,37274-08534-FM,R-D-0.5,Selma McMillian,smcmillian8t@csmonitor.com,+1 (330) 407-0631,6404 Heffernan Junction,Akron,United States,44315,No,Robusta,Dark Roast,3,0.5,5.369999999999999,16.11,0.32219999999999993,13,Wednesday,11,2019
HYF-10254-369,2019-11-14,30373-66619-CB,L-L-0.5,Zaccaria Sherewood,zsherewood2c@apache.org,+1 (209) 433-7924,1325 Jay Terrace,Fresno,United States,93715,No,Liberica,Light Roast,1,0.5,9.51,9.51,1.2363,14,Thursday,11,2019
IXU-20263-532,2019-11-15,68044-89277-ML,L-M-2.5,Kizzie Warman,kwarmancd@printfriendly.com,,67365 Homewood Center,Sandyford,Ireland,D04,Yes,Liberica,Medium Roast,2,2.5,33.464999999999996,66.92999999999999,4.3504499999999995,15,Friday,11,2019
WVT-88135-549,2019-11-16,66458-91190-YC,A-D-1,Marja Urion,murione5@alexa.com,+353 (715) 989-0283,2 Sycamore Avenue,Virginia,Ireland,D18,Yes,Arabica,Dark Roast,3,1.0,9.95,29.849999999999998,0.8954999999999999,16,Saturday,11,2019
KBB-52530-416,2019-11-21,06488-46303-IZ,L-D-2.5,Orion Dyott,,+1 (801) 322-2923,26 Londonderry Court,Salt Lake City,United States,84115,Yes,Liberica,Dark Roast,2,2.5,29.784999999999997,59.56999999999999,3.8720499999999998,21,Thursday,11,2019
QTR-19001-114,2019-11-21,01035-70465-UO,A-D-1,Anselma Attwater,aattwater5u@wikia.com,+1 (434) 821-8618,72 Maryland Terrace,Charlottesville,United States,22908,Yes,Arabica,Dark Roast,2,1.0,9.95,19.9,0.8954999999999999,21,Thursday,11,2019
KTO-53793-109,2019-11-21,17572-27091-AA,R-L-0.2,Constanta Hatfull,chatfullog@ebay.com,+1 (815) 382-1966,2 Nelson Alley,Rockford,United States,61105,No,Robusta,Light Roast,2,0.2,3.5849999999999995,7.169999999999999,0.21509999999999996,21,Thursday,11,2019
JHW-74554-805,2019-11-26,14103-58987-ZU,R-M-1,Gay Rizzello,grizzello1x@symantec.com,+44 (247) 225-8003,21 Schmedeman Crossing,Liverpool,United Kingdom,L33,Yes,Robusta,Medium Roast,6,1.0,9.95,59.699999999999996,0.597,26,Tuesday,11,2019
RDM-99811-230,2019-11-27,22349-47389-GY,L-M-0.2,Benn Checci,bchecci8h@usa.gov,+44 (237) 377-1917,88 West Avenue,Eaton,United Kingdom,DN22,No,Liberica,Medium Roast,5,0.2,4.365,21.825000000000003,0.56745,27,Wednesday,11,2019
ZVQ-26122-859,2019-11-28,77154-45038-IH,A-L-2.5,Bobby Folomkin,bfolomkinl8@yolasite.com,+1 (701) 278-8412,2676 Alpine Lane,Fargo,United States,58122,Yes,Arabica,Light Roast,6,2.5,29.784999999999997,178.70999999999998,2.6806499999999995,28,Thursday,11,2019
UDS-04807-593,2019-11-29,84074-28110-OV,L-D-0.5,Bayard Wellan,bwellanmp@cafepress.com,,7203 Main Crossing,Buffalo,United States,14276,No,Liberica,Dark Roast,2,0.5,7.77,15.54,1.0101,29,Friday,11,2019
BMK-49520-383,2019-12-03,72233-08665-IP,R-L-0.2,Kiri Avramow,,+1 (903) 801-9492,2443 Bluejay Alley,Tyler,United States,75799,Yes,Robusta,Light Roast,3,0.2,3.5849999999999995,10.754999999999999,0.21509999999999996,3,Tuesday,12,2019
TWD-70988-853,2019-12-03,87519-68847-ZG,L-D-1,Noel Chisholm,nchisholmnx@example.com,+1 (865) 228-1100,85 Calypso Place,Knoxville,United States,37924,Yes,Liberica,Dark Roast,6,1.0,12.95,77.69999999999999,1.6835,3,Tuesday,12,2019
IPA-94170-889,2019-12-04,64439-27325-LG,R-L-0.2,Camellia Kid,ckide6@narod.ru,+353 (866) 707-2603,37515 Wayridge Lane,Whitegate,Ireland,D15,Yes,Robusta,Light Roast,3,0.2,3.5849999999999995,10.754999999999999,0.21509999999999996,4,Wednesday,12,2019
XNM-14163-951,2019-12-04,78224-60622-KH,E-L-2.5,Shelli Keynd,skeynd9o@narod.ru,+1 (903) 299-3053,9 Iowa Court,Tyler,United States,75799,No,Excelsa,Light Roast,6,2.5,34.154999999999994,204.92999999999995,3.7570499999999996,4,Wednesday,12,2019
BLI-21697-702,2019-12-05,21141-12455-VB,A-M-0.5,Shelli De Banke,sdejo@newsvine.com,+1 (314) 496-2561,290 Ridgeview Way,Saint Louis,United States,63169,Yes,Arabica,Medium Roast,2,0.5,6.75,13.5,0.6074999999999999,5,Thursday,12,2019
SQT-07286-736,2019-12-08,87726-16941-QW,A-M-1,Nevsa Fields,,+1 (617) 535-7583,09 Lotheville Place,Boston,United States,2298,No,Arabica,Medium Roast,6,1.0,11.25,67.5,1.0125,8,Sunday,12,2019
IKL-95976-565,2019-12-09,53486-73919-BQ,A-M-1,Rod Gowdie,,+1 (360) 347-6756,7 Hansons Trail,Milwaukee,United States,53277,No,Arabica,Medium Roast,2,1.0,11.25,22.5,1.0125,9,Monday,12,2019
AKV-93064-769,2019-12-12,22305-40299-CY,L-D-0.5,Terry Sheryn,tsheryn31@mtv.com,+1 (516) 826-3780,58147 Eagle Crest Court,Port Washington,United States,11054,Yes,Liberica,Dark Roast,1,0.5,7.77,7.77,1.0101,12,Thursday,12,2019
BQK-38412-229,2019-12-13,90392-73338-BC,R-L-0.2,Natal Vigrass,nvigrasski@ezinearticles.com,+44 (336) 257-7415,1375 Parkside Junction,Whitwell,United Kingdom,DL10,No,Robusta,Light Roast,3,0.2,3.5849999999999995,10.754999999999999,0.21509999999999996,13,Friday,12,2019
WOR-52762-511,2019-12-14,04739-85772-QT,E-L-2.5,Elysee Sketch,,+1 (775) 947-1470,2 Gina Drive,Sparks,United States,89436,Yes,Excelsa,Light Roast,6,2.5,34.154999999999994,204.92999999999995,3.7570499999999996,14,Saturday,12,2019
BWR-85735-955,2019-12-14,32638-38620-AX,L-M-1,Burnard Bartholin,bbartholin59@xinhuanet.com,+1 (918) 720-2715,19600 Scofield Trail,Tulsa,United States,74103,Yes,Liberica,Medium Roast,3,1.0,14.55,43.650000000000006,1.8915000000000002,14,Saturday,12,2019
VIO-27668-766,2019-12-15,10074-20104-NN,R-D-2.5,Dick Drinkall,ddrinkallcx@psu.edu,+1 (865) 407-3871,82460 Grover Parkway,Knoxville,United States,37939,Yes,Robusta,Dark Roast,1,2.5,20.584999999999997,20.584999999999997,1.2350999999999999,15,Sunday,12,2019
TRA-79507-007,2019-12-16,70089-27418-UJ,R-L-2.5,Aurelia Burgwin,aburgwingp@redcross.org,+1 (314) 407-3962,0 Amoth Alley,Migrate,United States,41905,Yes,Robusta,Light Roast,4,2.5,27.484999999999996,109.93999999999998,1.6490999999999998,16,Monday,12,2019
LBZ-75997-047,2019-12-17,40946-22090-FP,A-M-2.5,Norene Magauran,nmagauran2n@51.la,,567 Artisan Place,Fresno,United States,93762,No,Arabica,Medium Roast,6,2.5,25.874999999999996,155.24999999999997,2.3287499999999994,17,Tuesday,12,2019
CBT-15092-420,2019-12-17,71364-35210-HS,L-M-0.5,Wain Cholomin,wcholomince@about.com,+44 (512) 340-9049,566 Arrowood Way,Birmingham,United Kingdom,B12,Yes,Liberica,Medium Roast,1,0.5,8.73,8.73,1.1349,17,Tuesday,12,2019
BPC-54727-307,2019-12-21,18684-73088-YL,R-L-1,Gaspar McGavin,gmcgavinhl@histats.com,+1 (570) 745-7589,573 Anhalt Park,Wilkes Barre,United States,18706,No,Robusta,Light Roast,4,1.0,11.95,47.8,0.717,21,Saturday,12,2019
ZGD-94763-868,2019-12-27,53086-67334-KT,E-L-2.5,Melli Brockway,mbrockway8r@ibm.com,+1 (515) 216-0617,0528 Thackeray Pass,Des Moines,United States,50369,Yes,Excelsa,Light Roast,1,2.5,34.154999999999994,34.154999999999994,3.7570499999999996,27,Friday,12,2019
ZSL-66684-103,2019-12-28,39193-51770-FM,E-M-0.2,Laryssa Benediktovich,lbenediktovichiy@wunderground.com,+1 (904) 330-1211,5 Prairieview Drive,Jacksonville,United States,32209,Yes,Excelsa,Medium Roast,2,0.2,4.125,8.25,0.45375,28,Saturday,12,2019
KTX-17944-494,2019-12-29,74330-29286-RO,A-L-0.2,Claudetta Rushe,crushe8n@about.me,+1 (704) 883-8274,7 Corben Plaza,Charlotte,United States,28299,Yes,Arabica,Light Roast,1,0.2,3.885,3.885,0.34964999999999996,29,Sunday,12,2019
KCW-50949-318,2019-12-30,52374-27313-IV,E-L-1,Dell Gut,dgutq2@umich.edu,+1 (281) 648-9915,30506 Bowman Avenue,Houston,United States,77293,Yes,Excelsa,Light Roast,5,1.0,14.85,74.25,1.6335,30,Monday,12,2019
BNQ-88920-567,2019-12-30,27226-53717-SY,L-D-0.2,Ilka Gurnee,igurnee5z@usnews.com,+1 (801) 642-0352,1 Troy Circle,Salt Lake City,United States,84120,No,Liberica,Dark Roast,6,0.2,3.885,23.31,0.50505,30,Monday,12,2019
THE-61147-027,2019-12-31,94091-86957-HX,L-D-1,Jimmy Dymoke,jdymokeje@prnewswire.com,+353 (390) 459-9269,8424 Milwaukee Court,Beaumont,Ireland,D17,No,Liberica,Dark Roast,2,1.0,12.95,25.9,1.6835,31,Tuesday,12,2019
NWT-78222-575,2019-12-31,75986-98864-EZ,A-D-0.2,Tiffany Scardafield,,+353 (232) 652-5145,69737 Hanover Center,Portarlington,Ireland,R21,No,Arabica,Dark Roast,1,0.2,2.985,2.985,0.26865,31,Tuesday,12,2019
GQA-37241-629,2020-01-01,08405-33165-BS,A-M-0.2,Fanchette Parlot,fparlotrb@forbes.com,+1 (614) 706-1246,7765 Westridge Lane,Columbus,United States,43231,Yes,Arabica,Medium Roast,2,0.2,3.375,6.75,0.30374999999999996,1,Wednesday,1,2020
JYR-22052-185,2020-01-01,39528-19971-OR,A-M-0.5,Wren Place,wplacei9@wsj.com,+1 (408) 106-8863,9 Artisan Avenue,Sunnyvale,United States,94089,Yes,Arabica,Medium Roast,2,0.5,6.75,13.5,0.6074999999999999,1,Wednesday,1,2020
RLM-96511-467,2020-01-06,43014-53743-XK,R-L-2.5,Jennica Tewelson,jtewelsonrn@samsung.com,+1 (469) 573-8379,4040 Hoard Junction,Dallas,United States,75210,No,Robusta,Light Roast,1,2.5,27.484999999999996,27.484999999999996,1.6490999999999998,6,Monday,1,2020
IZA-61469-812,2020-01-06,13561-92774-WP,L-D-2.5,Ketty Bromehead,kbromehead68@un.org,+1 (646) 586-9964,69 Birchwood Place,New York City,United States,10060,Yes,Liberica,Dark Roast,4,2.5,29.784999999999997,119.13999999999999,3.8720499999999998,6,Monday,1,2020
DLX-01059-899,2020-01-06,74940-09646-MU,R-L-1,Gustaf Ciccotti,gciccottip8@so-net.ne.jp,+1 (832) 392-5010,94417 Boyd Trail,Houston,United States,77070,No,Robusta,Light Roast,5,1.0,11.95,59.75,0.717,6,Monday,1,2020
UDG-65353-824,2020-01-07,17514-94165-RJ,E-M-0.5,Kari Swede,kswede4g@addthis.com,+1 (405) 535-0273,94 Pleasure Circle,Oklahoma City,United States,73135,No,Excelsa,Medium Roast,4,0.5,8.25,33.0,0.9075,7,Tuesday,1,2020
QEW-47945-682,2020-01-10,42466-87067-DT,L-L-0.2,Alvis Elwin,aelwincr@privacy.gov.au,+1 (612) 244-0885,26 Everett Hill,Minneapolis,United States,55480,No,Liberica,Light Roast,5,0.2,4.755,23.775,0.61815,10,Friday,1,2020
PMR-56062-609,2020-01-10,43605-12616-YH,E-D-0.5,Elka Windress,ewindressam@marketwatch.com,+1 (443) 619-7953,78 Anderson Alley,Baltimore,United States,21239,No,Excelsa,Dark Roast,3,0.5,7.29,21.87,0.8019000000000001,10,Friday,1,2020
EOL-92666-762,2020-01-11,15776-91507-GT,L-L-0.2,Stan Barribal,sbarribalcn@microsoft.com,+353 (310) 256-3698,6743 Cascade Drive,Bagenalstown,Ireland,R21,Yes,Liberica,Light Roast,2,0.2,4.755,9.51,0.61815,11,Saturday,1,2020
YFX-64795-136,2020-01-15,83163-65741-IH,L-M-2.5,Madelene Prinn,mprinn5a@usa.gov,+1 (734) 909-6836,39 Dahle Road,Detroit,United States,48211,Yes,Liberica,Medium Roast,1,2.5,33.464999999999996,33.464999999999996,4.3504499999999995,15,Wednesday,1,2020
SKO-45740-621,2020-01-16,04666-71569-RI,L-M-0.5,Zacharias Kiffe,zkiffe74@cyberchimps.com,+1 (414) 703-7269,32764 Buell Pass,Milwaukee,United States,53205,Yes,Liberica,Medium Roast,2,0.5,8.73,17.46,1.1349,16,Thursday,1,2020
NUU-03893-975,2020-01-17,41054-59693-XE,L-L-0.5,Vinny Shoebotham,vshoebothamkv@redcross.org,+1 (212) 998-0802,93569 Hintze Way,Brooklyn,United States,11254,No,Liberica,Light Roast,2,0.5,9.51,19.02,1.2363,17,Friday,1,2020
GKQ-82603-910,2020-01-19,83737-56117-JE,R-L-1,Ameline Snazle,asnazle9l@oracle.com,+1 (334) 193-6359,246 Katie Terrace,Montgomery,United States,36109,No,Robusta,Light Roast,5,1.0,11.95,59.75,0.717,19,Sunday,1,2020
FHD-94983-982,2020-01-21,62839-56723-CH,R-M-0.5,Alexina Randals,,+1 (916) 300-4433,713 Hayes Junction,Sacramento,United States,94297,Yes,Robusta,Medium Roast,3,0.5,5.97,17.91,0.35819999999999996,21,Tuesday,1,2020
AWT-22827-563,2020-01-25,12018-75670-EU,R-L-0.2,Melania Beadle,,+353 (569) 458-9673,4418 Quincy Terrace,Moycullen,Ireland,A41,Yes,Robusta,Light Roast,1,0.2,3.5849999999999995,3.5849999999999995,0.21509999999999996,25,Saturday,1,2020
NXF-15738-707,2020-01-26,28699-16256-XV,R-D-0.5,Javier Causnett,,+1 (301) 396-9701,511 Rowland Alley,Silver Spring,United States,20910,No,Robusta,Dark Roast,2,0.5,5.369999999999999,10.739999999999998,0.32219999999999993,26,Sunday,1,2020
ICF-17486-106,2020-01-27,19196-09748-DB,L-L-2.5,Waylan Springall,wspringallbh@jugem.jp,+1 (626) 495-9253,99 Schurz Pass,Alhambra,United States,91841,Yes,Liberica,Light Roast,1,2.5,36.455,36.455,4.7391499999999995,27,Monday,1,2020
CWK-60159-881,2020-01-27,04671-85591-RT,E-D-0.2,Theda Grizard,tgrizard1k@odnoklassniki.ru,+1 (813) 243-2150,6 Knutson Pass,Tampa,United States,33686,Yes,Excelsa,Dark Roast,3,0.2,3.645,10.935,0.40095000000000003,27,Monday,1,2020
UEB-09112-118,2020-01-30,82718-93677-XO,A-M-0.5,Maitilde Boxill,,+1 (334) 191-0127,65 Cardinal Plaza,Montgomery,United States,36177,Yes,Arabica,Medium Roast,4,0.5,6.75,27.0,0.6074999999999999,30,Thursday,1,2020
VNC-93921-469,2020-01-31,04666-71569-RI,L-L-1,Zacharias Kiffe,zkiffe74@cyberchimps.com,+1 (414) 703-7269,32764 Buell Pass,Milwaukee,United States,53205,Yes,Liberica,Light Roast,1,1.0,15.85,15.85,2.0605,31,Friday,1,2020
AEL-51169-725,2020-02-03,37430-29579-HD,L-M-0.2,Eveleen Bletsor,ebletsor8l@vinaora.com,+1 (860) 182-4246,9076 Manley Center,West Hartford,United States,6127,Yes,Liberica,Medium Roast,6,0.2,4.365,26.19,0.56745,3,Monday,2,2020
TYH-81940-054,2020-02-04,69374-08133-RI,E-L-0.2,Cleopatra Goodrum,cgoodrumqs@goodreads.com,+1 (619) 944-5888,94 Roxbury Road,San Diego,United States,92165,No,Excelsa,Light Roast,5,0.2,4.455,22.275,0.49005,4,Tuesday,2,2020
WNR-71736-993,2020-02-05,16880-78077-FB,A-D-2.5,Terri Farra,tfarraac@behance.net,+1 (432) 648-9589,06448 Burrows Terrace,Odessa,United States,79764,No,Arabica,Dark Roast,6,2.5,22.884999999999998,137.31,2.0596499999999995,5,Wednesday,2,2020
WNR-71736-993,2020-02-05,16880-78077-FB,L-D-0.5,Terri Farra,tfarraac@behance.net,+1 (432) 648-9589,06448 Burrows Terrace,Odessa,United States,79764,No,Liberica,Dark Roast,4,0.5,7.77,31.08,1.0101,5,Wednesday,2,2020
UPF-60123-025,2020-02-06,88992-49081-AT,R-L-2.5,Zilvia Claisse,,+1 (612) 477-9298,529 Judy Circle,Saint Paul,United States,55123,No,Robusta,Light Roast,3,2.5,27.484999999999996,82.45499999999998,1.6490999999999998,6,Thursday,2,2020
RWR-77888-800,2020-02-07,69904-02729-YS,A-M-0.5,Annadiane Dykes,adykes1r@eventbrite.com,+1 (312) 111-6203,31 Northport Terrace,Chicago,United States,60681,No,Arabica,Medium Roast,1,0.5,6.75,6.75,0.6074999999999999,7,Friday,2,2020
HNI-91338-546,2020-02-07,67285-75317-XI,A-D-0.5,Nevins Glowacz,,+1 (608) 617-1365,8103 Maywood Center,Madison,United States,53726,No,Arabica,Dark Roast,5,0.5,5.97,29.849999999999998,0.5373,7,Friday,2,2020
MHD-95615-696,2020-02-07,27930-59250-JT,R-L-2.5,Allis Wilmore,,+1 (713) 984-5207,94 Moulton Street,Houston,United States,77260,No,Robusta,Light Roast,5,2.5,27.484999999999996,137.42499999999998,1.6490999999999998,7,Friday,2,2020
NFA-03411-746,2020-02-08,07476-13102-NJ,A-L-0.5,Heda Fromant,hfromantf4@ucsd.edu,+1 (610) 156-1700,3341 Cascade Park,Philadelphia,United States,19104,No,Arabica,Light Roast,2,0.5,7.77,15.54,0.6992999999999999,8,Saturday,2,2020
DYG-25473-881,2020-02-08,10138-31681-SD,A-D-0.2,Roxine Drivers,rdriversd4@hexun.com,+1 (913) 127-4257,842 Cardinal Court,Shawnee Mission,United States,66276,No,Arabica,Dark Roast,2,0.2,2.985,5.97,0.26865,8,Saturday,2,2020
UBW-50312-037,2020-02-09,69503-12127-YD,A-L-2.5,Nickey Dimbleby,,+1 (469) 579-2051,525 Warner Hill,Dallas,United States,75216,No,Arabica,Light Roast,4,2.5,29.784999999999997,119.13999999999999,2.6806499999999995,9,Sunday,2,2020
YIS-96268-844,2020-02-11,60221-67036-TD,E-L-0.2,Ken Lestrange,klestrange8a@lulu.com,+1 (404) 479-6402,1961 Sage Way,Atlanta,United States,30358,Yes,Excelsa,Light Roast,6,0.2,4.455,26.73,0.49005,11,Tuesday,2,2020
KIX-93248-135,2020-02-11,36605-83052-WB,A-D-0.5,Violette Hellmore,vhellmore7d@bbc.co.uk,+1 (501) 899-4038,87597 Butternut Alley,Little Rock,United States,72204,Yes,Arabica,Dark Roast,1,0.5,5.97,5.97,0.5373,11,Tuesday,2,2020
RGJ-12544-083,2020-02-12,48873-84433-PN,L-D-2.5,Carlie Harce,charce6k@cafepress.com,+353 (444) 423-0673,8 Melrose Center,D煤n Laoghaire,Ireland,A96,No,Liberica,Dark Roast,3,2.5,29.784999999999997,89.35499999999999,3.8720499999999998,12,Wednesday,2,2020
SNF-57032-096,2020-02-13,93832-04799-ID,E-D-0.5,Saree Ellesworth,,+1 (757) 211-0153,715 Oxford Lane,Newport News,United States,23605,No,Excelsa,Dark Roast,6,0.5,7.29,43.74,0.8019000000000001,13,Thursday,2,2020
ORZ-67699-748,2020-02-15,44708-78241-DF,A-M-2.5,Jodee Caldicott,jcaldicott9u@usda.gov,,2690 Oak Way,Fort Pierce,United States,34981,No,Arabica,Medium Roast,6,2.5,25.874999999999996,155.24999999999997,2.3287499999999994,15,Saturday,2,2020
OGB-91614-810,2020-02-18,08909-77713-CG,R-M-0.2,Mercedes Acott,macott6y@pagesperso-orange.fr,+1 (704) 892-0605,37340 Lerdahl Avenue,Charlotte,United States,28225,Yes,Robusta,Medium Roast,1,0.2,2.985,2.985,0.17909999999999998,18,Tuesday,2,2020
HMB-30634-745,2020-02-18,19485-98072-PS,A-D-2.5,Don Flintiff,dflintiffg1@e-recht24.de,,7 Helena Junction,London,United Kingdom,WC1B,No,Arabica,Dark Roast,6,2.5,22.884999999999998,137.31,2.0596499999999995,18,Tuesday,2,2020
ALA-62598-016,2020-02-19,57145-03803-ZL,R-D-0.2,Noak Wyvill,nwyvill6b@naver.com,+44 (872) 383-2829,47 Declaration Alley,Edinburgh,United Kingdom,EH9,Yes,Robusta,Dark Roast,6,0.2,2.6849999999999996,16.11,0.16109999999999997,19,Wednesday,2,2020
SBC-95710-706,2020-02-19,85634-61759-ND,E-M-0.2,Maggy Baistow,mbaistowhu@i2i.jp,+44 (876) 508-3376,9531 Dexter Drive,Ford,United Kingdom,GL54,Yes,Excelsa,Medium Roast,2,0.2,4.125,8.25,0.45375,19,Wednesday,2,2020
ELJ-87741-745,2020-02-20,48389-71976-JB,E-L-1,Devon Magowan,dmagowan6n@fc2.com,+1 (307) 159-5237,42 Sloan Way,Cheyenne,United States,82007,No,Excelsa,Light Roast,4,1.0,14.85,59.4,1.6335,20,Thursday,2,2020
FUO-99821-974,2020-02-22,31245-81098-PJ,E-M-1,Verne Dunkerley,,+1 (763) 806-0186,5770 Crest Line Place,Minneapolis,United States,55441,No,Excelsa,Medium Roast,3,1.0,13.75,41.25,1.5125,22,Saturday,2,2020
TJG-73587-353,2020-02-22,24766-58139-GT,R-D-0.2,Kendra Glison,,+1 (202) 137-6867,1 Kipling Lane,Washington,United States,20337,Yes,Robusta,Dark Roast,3,0.2,2.6849999999999996,8.055,0.16109999999999997,22,Saturday,2,2020
NEX-63825-598,2020-02-22,72072-33025-SD,R-L-0.5,Abbe Thys,athysfo@cdc.gov,+1 (865) 217-6208,847 Sloan Parkway,Knoxville,United States,37924,No,Robusta,Light Roast,2,0.5,7.169999999999999,14.339999999999998,0.4301999999999999,22,Saturday,2,2020
OAW-17338-101,2020-02-23,52143-35672-JF,R-D-0.2,Tuckie Mathonnet,tmathonneti0@google.co.jp,+1 (614) 781-0396,407 Roth Circle,Columbus,United States,43240,No,Robusta,Dark Roast,6,0.2,2.6849999999999996,16.11,0.16109999999999997,23,Sunday,2,2020
DOH-92927-530,2020-02-24,12839-56537-TQ,L-L-0.2,Clement Vasiliev,cvasiliev9b@discuz.net,+1 (214) 507-8264,49 Eliot Alley,Garland,United States,75049,Yes,Liberica,Light Roast,6,0.2,4.755,28.53,0.61815,24,Monday,2,2020
REH-56504-397,2020-02-26,90961-35603-RP,A-M-2.5,Anabelle Hutchens,ahutchens6a@amazonaws.com,+1 (913) 108-5997,8 Russell Plaza,Shawnee Mission,United States,66276,No,Arabica,Medium Roast,5,2.5,25.874999999999996,129.37499999999997,2.3287499999999994,26,Wednesday,2,2020
TZD-67261-174,2020-02-27,01841-48191-NL,E-D-2.5,Cam Jewster,cjewsterlu@moonfruit.com,+1 (937) 925-7390,24010 Sunnyside Drive,Dayton,United States,45426,Yes,Excelsa,Dark Roast,1,2.5,27.945,27.945,3.07395,27,Thursday,2,2020
BQJ-44755-910,2020-02-28,75006-89922-VW,E-D-2.5,Murielle Lorinez,mlorineznh@whitehouse.gov,,029 Bluejay Circle,Evansville,United States,47732,No,Excelsa,Dark Roast,6,2.5,27.945,167.67000000000002,3.07395,28,Friday,2,2020
FSA-98650-921,2020-02-28,01841-48191-NL,L-L-0.5,Cam Jewster,cjewsterlu@moonfruit.com,+1 (937) 925-7390,24010 Sunnyside Drive,Dayton,United States,45426,Yes,Liberica,Light Roast,2,0.5,9.51,19.02,1.2363,28,Friday,2,2020
SXC-62166-515,2020-02-28,69171-65646-UC,R-L-2.5,Joceline Reddoch,jreddochnt@sun.com,+1 (863) 742-5292,79075 Helena Road,Largo,United States,34643,No,Robusta,Light Roast,5,2.5,27.484999999999996,137.42499999999998,1.6490999999999998,28,Friday,2,2020
CSW-59644-267,2020-02-28,60378-26473-FE,E-M-2.5,Benedikta Paumier,bpaumierhp@umn.edu,+353 (777) 856-8236,319 Carioca Alley,Ballisodare,Ireland,E45,Yes,Excelsa,Medium Roast,1,2.5,31.624999999999996,31.624999999999996,3.47875,28,Friday,2,2020
JTU-55897-581,2020-02-29,70290-38099-GB,R-M-0.2,Janifer Bagot,jbagot8i@mac.com,+1 (402) 659-3815,8580 Autumn Leaf Trail,Lincoln,United States,68505,No,Robusta,Medium Roast,5,0.2,2.985,14.924999999999999,0.17909999999999998,29,Saturday,2,2020
SBN-16537-046,2020-02-29,60255-12579-PZ,A-D-0.2,Hillel Mairs,hmairsn1@so-net.ne.jp,+1 (304) 834-9665,325 Forest Run Crossing,Huntington,United States,25705,No,Arabica,Dark Roast,1,0.2,2.985,2.985,0.26865,29,Saturday,2,2020
HSF-66926-425,2020-03-01,00539-42510-RY,L-D-2.5,Nickey Youles,nyoules2t@reference.com,+353 (641) 846-7654,12461 Dryden Pass,Edgeworthstown,Ireland,E25,Yes,Liberica,Dark Roast,5,2.5,29.784999999999997,148.92499999999998,3.8720499999999998,1,Sunday,3,2020
YZG-20575-451,2020-03-02,64845-00270-NO,L-L-1,Rhetta Zywicki,rzywickii4@ifeng.com,,18 Ruskin Plaza,Ballinteer,Ireland,D6W,No,Liberica,Light Roast,4,1.0,15.85,63.4,2.0605,2,Monday,3,2020
TVV-42245-088,2020-03-06,14398-43114-RV,A-M-0.2,Betti Lacasa,,+353 (930) 704-1778,4 Lindbergh Trail,Beaumont,Ireland,D17,No,Arabica,Medium Roast,4,0.2,3.375,13.5,0.30374999999999996,6,Friday,3,2020
GNL-98714-885,2020-03-07,83731-53280-YC,R-M-1,Adele McFayden,,+44 (123) 755-7484,28 Darwin Terrace,Wirral,United Kingdom,CH48,Yes,Robusta,Medium Roast,3,1.0,9.95,29.849999999999998,0.597,7,Saturday,3,2020
NNF-47422-501,2020-03-07,20260-32948-EB,E-L-0.2,Adorne Gregoratti,agregorattilq@vistaprint.com,+353 (773) 508-6581,27208 Maple Avenue,Malahide,Ireland,K36,No,Excelsa,Light Roast,6,0.2,4.455,26.73,0.49005,7,Saturday,3,2020
TVF-57766-608,2020-03-10,88420-46464-XE,L-D-0.5,Perice Eberz,peberznn@woothemes.com,+1 (530) 938-1204,490 Elmside Court,Chico,United States,95973,Yes,Liberica,Dark Roast,1,0.5,7.77,7.77,1.0101,10,Tuesday,3,2020
CKF-43291-846,2020-03-10,91829-99544-DS,E-L-2.5,Odille Thynne,othynne4w@auda.org.au,+1 (562) 132-7323,26 Oakridge Way,Whittier,United States,90605,Yes,Excelsa,Light Roast,1,2.5,34.154999999999994,34.154999999999994,3.7570499999999996,10,Tuesday,3,2020
YLE-18247-749,2020-03-11,92227-49331-QR,A-L-0.5,Reggis Pracy,,+1 (937) 683-0925,33211 Pleasure Circle,Dayton,United States,45426,Yes,Arabica,Light Roast,3,0.5,7.77,23.31,0.6992999999999999,11,Wednesday,3,2020
QXX-89943-393,2020-03-12,15673-18812-IU,R-D-0.2,Caddric Krzysztofiak,ckrzysztofiakma@skyrock.com,+1 (972) 782-4187,6 Dayton Alley,Mesquite,United States,75185,No,Robusta,Dark Roast,4,0.2,2.6849999999999996,10.739999999999998,0.16109999999999997,12,Thursday,3,2020
VQW-91903-926,2020-03-13,05325-97750-WP,E-D-2.5,Cody Verissimo,cverissimogh@theglobeandmail.com,,18 Bluestem Avenue,Upton,United Kingdom,DN21,Yes,Excelsa,Dark Roast,1,2.5,27.945,27.945,3.07395,13,Friday,3,2020
TGF-38649-658,2020-03-15,67743-54817-UT,L-M-0.5,Berkly Imrie,bimriep3@addtoany.com,+1 (559) 761-5288,1815 Annamark Way,Fresno,United States,93704,No,Liberica,Medium Roast,2,0.5,8.73,17.46,1.1349,15,Sunday,3,2020
PKQ-46841-696,2020-03-18,37177-68797-ON,R-M-0.5,Arleen Braidman,abraidmancf@census.gov,,4 Golf View Hill,Phoenix,United States,85099,No,Robusta,Medium Roast,3,0.5,5.97,17.91,0.35819999999999996,18,Wednesday,3,2020
EOI-02511-919,2020-03-20,66776-88682-RG,E-L-0.2,Abrahan Mussen,amussen50@51.la,+1 (212) 630-8669,22974 Beilfuss Plaza,Brooklyn,United States,11254,No,Excelsa,Light Roast,5,0.2,4.455,22.275,0.49005,20,Friday,3,2020
EOI-02511-919,2020-03-20,66776-88682-RG,A-D-0.5,Abrahan Mussen,amussen50@51.la,+1 (212) 630-8669,22974 Beilfuss Plaza,Brooklyn,United States,11254,No,Arabica,Dark Roast,5,0.5,5.97,29.849999999999998,0.5373,20,Friday,3,2020
EJA-79176-833,2020-03-22,91509-62250-GN,R-M-2.5,Dalia Eburah,deburahld@google.co.jp,+44 (607) 596-3921,23 Summerview Place,Birmingham,United Kingdom,B12,No,Robusta,Medium Roast,6,2.5,22.884999999999998,137.31,1.3730999999999998,22,Sunday,3,2020
LHN-75209-742,2020-03-23,01433-04270-AX,R-M-0.5,Felecia Dodgson,,+1 (973) 434-8662,48053 8th Crossing,Newark,United States,7104,Yes,Robusta,Medium Roast,6,0.5,5.97,35.82,0.35819999999999996,23,Monday,3,2020
ALM-80762-974,2020-03-23,84045-66771-SL,A-L-0.5,Charlean Keave,ckeaver1@ucoz.com,+1 (850) 410-9647,08019 Fairfield Pass,Pensacola,United States,32575,No,Arabica,Light Roast,3,0.5,7.77,23.31,0.6992999999999999,23,Monday,3,2020
RZC-75150-413,2020-03-25,92204-96636-BS,E-D-0.5,Roxie Deaconson,rdeaconsonja@archive.org,+1 (914) 524-1161,70166 Marcy Center,Yonkers,United States,10705,No,Excelsa,Dark Roast,5,0.5,7.29,36.45,0.8019000000000001,25,Wednesday,3,2020
ULU-07744-724,2020-03-26,94058-95794-IJ,L-M-0.5,Layne Imason,limasonio@discuz.net,,9 Village Green Parkway,Houston,United States,77070,Yes,Liberica,Medium Roast,5,0.5,8.73,43.650000000000006,1.1349,26,Thursday,3,2020
ISK-42066-094,2020-03-28,41505-42181-EF,E-D-1,Sibella Rushbrooke,srushbrooke6q@youku.com,+1 (916) 214-5665,00901 Marquette Plaza,Sacramento,United States,94250,Yes,Excelsa,Dark Roast,3,1.0,12.15,36.45,1.3365,28,Saturday,3,2020
ILQ-11027-588,2020-03-29,76293-30918-DQ,E-D-1,Philipa Petrushanko,ppetrushanko5c@blinklist.com,+353 (540) 480-2145,08 Laurel Trail,Nenagh,Ireland,E45,Yes,Excelsa,Dark Roast,6,1.0,12.15,72.9,1.3365,29,Sunday,3,2020
HVQ-64398-930,2020-03-30,62979-53167-ML,A-M-0.5,Lothaire Mizzi,lmizzi26@rakuten.co.jp,+1 (214) 719-8530,74 Atwood Lane,Dallas,United States,75323,Yes,Arabica,Medium Roast,6,0.5,6.75,40.5,0.6074999999999999,30,Monday,3,2020
GSJ-01065-125,2020-03-31,69779-40609-RS,E-D-0.2,Dael Camilletti,dcamilletti5w@businesswire.com,+1 (540) 722-6065,782 American Terrace,Roanoke,United States,24009,Yes,Excelsa,Dark Roast,4,0.2,3.645,14.58,0.40095000000000003,31,Tuesday,3,2020
XZG-51938-658,2020-04-05,18275-73980-KL,E-L-0.5,Lem Pennacci,lpennaccieo@statcounter.com,+1 (254) 597-0519,23 Kinsman Way,Waco,United States,76711,No,Excelsa,Light Roast,6,0.5,8.91,53.46,0.9801,5,Sunday,4,2020
XTL-68000-371,2020-04-07,70140-82812-KD,A-M-0.5,Donalt Sangwin,dsangwinfu@weebly.com,+1 (301) 879-4079,47 Granby Junction,Hyattsville,United States,20784,No,Arabica,Medium Roast,4,0.5,6.75,27.0,0.6074999999999999,7,Tuesday,4,2020
JZC-31180-557,2020-04-07,09171-42203-EB,L-M-2.5,Rachelle Elizabeth,relizabethh5@live.com,+1 (918) 203-3263,2668 Dixon Plaza,Tulsa,United States,74184,No,Liberica,Medium Roast,1,2.5,33.464999999999996,33.464999999999996,4.3504499999999995,7,Tuesday,4,2020
AWP-11469-510,2020-04-11,76730-63769-ND,E-D-1,Ryann Stickler,rsticklerox@printfriendly.com,+44 (830) 367-6129,471 Sage Center,Birmingham,United Kingdom,B40,No,Excelsa,Dark Roast,2,1.0,12.15,24.3,1.3365,11,Saturday,4,2020
HPI-42308-142,2020-04-11,06631-86965-XP,E-M-0.5,Olag Baudassi,obaudassi18@seesaa.net,+1 (585) 356-6251,55 Dottie Court,Rochester,United States,14604,Yes,Excelsa,Medium Roast,2,0.5,8.25,16.5,0.9075,11,Saturday,4,2020
XOQ-12405-419,2020-04-12,91513-75657-PH,R-D-2.5,Hally Lorait,,+1 (716) 869-3749,80 Jana Avenue,Buffalo,United States,14205,Yes,Robusta,Dark Roast,4,2.5,20.584999999999997,82.33999999999999,1.2350999999999999,12,Sunday,4,2020
KSH-47717-456,2020-04-19,74671-55639-TU,L-M-1,Lindy Uttermare,luttermarehm@engadget.com,+1 (817) 793-6871,77 Lake View Road,Denton,United States,76205,No,Liberica,Medium Roast,3,1.0,14.55,43.650000000000006,1.8915000000000002,19,Sunday,4,2020
WFH-21507-708,2020-04-20,07237-32539-NB,R-D-0.5,Delainey Kiddy,dkiddyok@fda.gov,+1 (209) 103-3933,66184 Melby Avenue,Fresno,United States,93704,Yes,Robusta,Dark Roast,1,0.5,5.369999999999999,5.369999999999999,0.32219999999999993,20,Monday,4,2020
WNE-73911-475,2020-04-20,61323-91967-GG,L-D-0.5,Theo Jacobovitz,tjacobovitziz@cbc.ca,+1 (713) 642-2082,21597 Bonner Pass,Houston,United States,77299,No,Liberica,Dark Roast,6,0.5,7.77,46.62,1.0101,20,Monday,4,2020
OKA-93124-100,2020-04-23,05325-97750-WP,R-M-0.5,Cody Verissimo,cverissimogh@theglobeandmail.com,,18 Bluestem Avenue,Upton,United Kingdom,DN21,Yes,Robusta,Medium Roast,5,0.5,5.97,29.849999999999998,0.35819999999999996,23,Thursday,4,2020
HCT-95608-959,2020-04-25,08523-01791-TI,R-M-2.5,Dorie de la Tremoille,dde12@unesco.org,+1 (612) 492-5160,0817 Dennis Street,Minneapolis,United States,55458,No,Robusta,Medium Roast,5,2.5,22.884999999999998,114.42499999999998,1.3730999999999998,25,Saturday,4,2020
VET-41158-896,2020-04-29,10728-17633-ST,E-M-2.5,Jewelle Shenton,jshentonge@google.com.hk,+1 (650) 712-0135,46367 Waubesa Hill,Orange,United States,92668,Yes,Excelsa,Medium Roast,2,2.5,31.624999999999996,63.24999999999999,3.47875,29,Wednesday,4,2020
IWL-13117-537,2020-04-29,29129-60664-KO,R-D-0.2,Guenevere Ruggen,gruggenm6@nymag.com,+1 (408) 211-2306,67 Mendota Hill,San Jose,United States,95138,Yes,Robusta,Dark Roast,3,0.2,2.6849999999999996,8.055,0.16109999999999997,29,Wednesday,4,2020
HVW-25584-144,2020-04-30,93405-51204-UW,L-L-0.2,Lexie Mallan,lmallan6t@state.gov,+1 (225) 484-4771,43 Longview Center,Baton Rouge,United States,70820,Yes,Liberica,Light Roast,5,0.2,4.755,23.775,0.61815,30,Thursday,4,2020
JBP-78754-392,2020-04-30,74330-29286-RO,E-M-2.5,Claudetta Rushe,crushe8n@about.me,+1 (704) 883-8274,7 Corben Plaza,Charlotte,United States,28299,Yes,Excelsa,Medium Roast,6,2.5,31.624999999999996,189.74999999999997,3.47875,30,Thursday,4,2020
LKE-14821-285,2020-05-03,13736-92418-JS,R-M-0.2,Becky Semkins,bsemkinsdk@unc.edu,+353 (209) 764-2690,7219 Clemons Place,Kinnegad,Ireland,R32,Yes,Robusta,Medium Roast,5,0.2,2.985,14.924999999999999,0.17909999999999998,3,Sunday,5,2020
OJL-96844-459,2020-05-03,61253-98356-VD,L-L-0.2,Karylin Huddart,khuddartlz@about.com,+1 (214) 931-4518,831 Meadow Valley Way,Arlington,United States,76011,Yes,Liberica,Light Roast,5,0.2,4.755,23.775,0.61815,3,Sunday,5,2020
WVS-57822-366,2020-05-04,52151-75971-YY,E-M-2.5,Darn Penquet,dpenquetmb@diigo.com,,19199 Mariners Cove Avenue,Sacramento,United States,94207,No,Excelsa,Medium Roast,4,2.5,31.624999999999996,126.49999999999999,3.47875,4,Monday,5,2020
GCD-75444-320,2020-05-04,51277-93873-RP,L-M-2.5,Claudell Ayre,cayrere@symantec.com,+1 (386) 573-2575,5645 Lotheville Crossing,Daytona Beach,United States,32128,No,Liberica,Medium Roast,1,2.5,33.464999999999996,33.464999999999996,4.3504499999999995,4,Monday,5,2020
HBY-35655-049,2020-05-04,69207-93422-CQ,E-D-2.5,Isis Hessel,ihesselpf@ox.ac.uk,+1 (907) 873-3538,2900 Pennsylvania Court,Fairbanks,United States,99709,Yes,Excelsa,Dark Roast,3,2.5,27.945,83.83500000000001,3.07395,4,Monday,5,2020
AJL-52941-018,2020-05-05,55871-61935-MF,E-D-1,Lind Conyers,lconyers2y@twitter.com,+1 (915) 476-5712,778 Summer Ridge Junction,El Paso,United States,88514,No,Excelsa,Dark Roast,2,1.0,12.15,24.3,1.3365,5,Tuesday,5,2020
BZP-33213-637,2020-05-05,77175-09826-SF,A-M-2.5,Lindon Agnolo,lagnolooj@pinterest.com,+1 (918) 228-6949,82499 Mallard Lane,Tulsa,United States,74108,Yes,Arabica,Medium Roast,3,2.5,25.874999999999996,77.62499999999999,2.3287499999999994,5,Tuesday,5,2020
IYO-10245-081,2020-05-09,57145-31023-FK,E-M-2.5,Nanine McCarthy,,+1 (502) 913-2943,27 Pine View Crossing,Louisville,United States,40298,No,Excelsa,Medium Roast,3,2.5,31.624999999999996,94.87499999999999,3.47875,9,Saturday,5,2020
AIA-98989-755,2020-05-09,34704-83143-KS,R-M-0.2,Sacha Bruun,sbruunjt@blogtalkradio.com,+1 (209) 784-1969,44 Northview Lane,Stockton,United States,95210,No,Robusta,Medium Roast,1,0.2,2.985,2.985,0.17909999999999998,9,Saturday,5,2020
AWH-16980-469,2020-05-11,27493-46921-TZ,L-M-0.2,Fanny Flanagan,fflanagand9@woothemes.com,+1 (903) 455-7155,268 Northport Drive,Tyler,United States,75799,No,Liberica,Medium Roast,6,0.2,4.365,26.19,0.56745,11,Monday,5,2020
QYC-63914-195,2020-05-14,39789-43945-IV,E-L-1,Reinaldos Kirtley,rkirtleyg4@hatena.ne.jp,+1 (626) 635-6367,6356 Di Loreto Road,Whittier,United States,90605,Yes,Excelsa,Light Roast,3,1.0,14.85,44.55,1.6335,14,Thursday,5,2020
LOO-35324-159,2020-05-19,68412-11126-YJ,A-L-0.2,Boyd Bett,bbett3x@google.de,+1 (202) 632-9905,353 Maple Wood Avenue,Washington,United States,20520,Yes,Arabica,Light Roast,4,0.2,3.885,15.54,0.34964999999999996,19,Tuesday,5,2020
ESR-66651-814,2020-05-20,76624-72205-CK,A-D-0.2,Jasper Sisneros,jsisneros7j@a8.net,+1 (919) 448-8909,38 Dryden Plaza,Raleigh,United States,27635,Yes,Arabica,Dark Roast,4,0.2,2.985,11.94,0.26865,20,Wednesday,5,2020
FRD-17347-990,2020-05-20,46681-78850-ZW,A-D-1,Tania Craggs,tcraggsb8@house.gov,+353 (239) 197-6142,0 Eagan Parkway,Whitegate,Ireland,D15,No,Arabica,Dark Roast,4,1.0,9.95,39.8,0.8954999999999999,20,Wednesday,5,2020
NHL-11063-100,2020-05-20,39181-35745-WH,A-L-1,Loydie Langlais,,+353 (576) 222-5069,290 Ilene Street,Crumlin,Ireland,D6W,Yes,Arabica,Light Roast,4,1.0,12.95,51.8,1.1655,20,Wednesday,5,2020
ITA-87418-783,2020-05-22,39396-12890-PE,R-D-2.5,Terence Vanyutin,tvanyutind@wix.com,,331 Bunting Hill,Migrate,United States,41905,No,Robusta,Dark Roast,2,2.5,20.584999999999997,41.169999999999995,1.2350999999999999,22,Friday,5,2020
LWL-68108-794,2020-05-26,44494-89923-UW,A-D-0.5,Dorotea Hollyman,dhollymanl1@ibm.com,+1 (406) 851-1244,46861 Esker Avenue,Billings,United States,59112,Yes,Arabica,Dark Roast,3,0.5,5.97,17.91,0.5373,26,Tuesday,5,2020
MVV-19034-198,2020-05-31,98476-63654-CG,E-D-2.5,Demetris Micheli,,+1 (608) 138-8374,33123 Rigney Pass,Madison,United States,53726,Yes,Excelsa,Dark Roast,6,2.5,27.945,167.67000000000002,3.07395,31,Sunday,5,2020
UOA-23786-489,2020-05-31,90305-50099-SV,A-M-0.5,Queenie Veel,qveel2x@jugem.jp,+1 (713) 750-9202,378 Shopko Center,Houston,United States,77260,Yes,Arabica,Medium Roast,6,0.5,6.75,40.5,0.6074999999999999,31,Sunday,5,2020
DKM-97676-850,2020-06-02,43439-94003-DW,E-D-0.5,Flynn Antony,,+1 (205) 680-5859,5678 Doe Crossing Junction,Birmingham,United States,35244,No,Excelsa,Dark Roast,5,0.5,7.29,36.45,0.8019000000000001,2,Tuesday,6,2020
SFF-86059-407,2020-06-03,30585-48726-BK,A-M-2.5,Donnie Hedlestone,dhedlestone7m@craigslist.org,+1 (203) 768-3169,02670 Superior Way,Stamford,United States,6905,No,Arabica,Medium Roast,1,2.5,25.874999999999996,25.874999999999996,2.3287499999999994,3,Wednesday,6,2020
ZUR-55774-294,2020-06-03,33269-10023-CO,L-D-1,Ugo Southerden,usoutherdenln@hao123.com,+1 (786) 490-0037,63 Holmberg Avenue,Clearwater,United States,34620,Yes,Liberica,Dark Roast,6,1.0,12.95,77.69999999999999,1.6835,3,Wednesday,6,2020
SCS-67069-962,2020-06-05,21403-49423-PD,A-L-2.5,Gregorius Trengrove,gtrengrovem2@elpais.com,+1 (516) 513-7620,0862 Farwell Avenue,New Hyde Park,United States,11044,No,Arabica,Light Roast,5,2.5,29.784999999999997,148.92499999999998,2.6806499999999995,5,Friday,6,2020
HUG-52766-375,2020-06-05,78786-77449-RQ,A-D-2.5,Jermaine Branchett,jbranchettii@bravesites.com,+1 (806) 376-6144,55287 Atwood Alley,Lubbock,United States,79491,No,Arabica,Dark Roast,4,2.5,22.884999999999998,91.53999999999999,2.0596499999999995,5,Friday,6,2020
SHP-17012-870,2020-06-07,69529-07533-CV,R-M-2.5,Corine Drewett,cdrewett97@wikipedia.org,+1 (561) 651-3098,1881 Elgar Parkway,Boynton Beach,United States,33436,Yes,Robusta,Medium Roast,1,2.5,22.884999999999998,22.884999999999998,1.3730999999999998,7,Sunday,6,2020
LIS-96202-702,2020-06-07,72028-63343-SU,L-D-2.5,Annetta Brentnall,abrentnallcw@biglobe.ne.jp,+44 (373) 897-1797,00 Ludington Pass,East End,United Kingdom,BH21,No,Liberica,Dark Roast,4,2.5,29.784999999999997,119.13999999999999,3.8720499999999998,7,Sunday,6,2020
SPF-31673-217,2020-06-09,19485-98072-PS,E-M-1,Don Flintiff,dflintiffg1@e-recht24.de,,7 Helena Junction,London,United Kingdom,WC1B,No,Excelsa,Medium Roast,6,1.0,13.75,82.5,1.5125,9,Tuesday,6,2020
HVU-21634-076,2020-06-10,27723-45097-MH,R-L-2.5,Dorelia Bury,dbury7o@tinyurl.com,+353 (262) 842-7103,305 Holy Cross Way,Castleblayney,Ireland,A75,Yes,Robusta,Light Roast,4,2.5,27.484999999999996,109.93999999999998,1.6490999999999998,10,Wednesday,6,2020
SGI-48226-857,2020-06-11,84033-80762-EQ,A-M-2.5,Codi Littrell,,,3 Colorado Lane,Atlanta,United States,31119,Yes,Arabica,Medium Roast,6,2.5,25.874999999999996,155.24999999999997,2.3287499999999994,11,Thursday,6,2020
OYH-16533-767,2020-06-13,44932-34838-RM,E-L-1,Wyatan Fetherston,wfetherston9e@constantcontact.com,+1 (212) 724-3420,74 Morning Avenue,New York City,United States,10184,No,Excelsa,Light Roast,4,1.0,14.85,59.4,1.6335,13,Saturday,6,2020
BHA-47429-889,2020-06-20,51114-51191-EW,E-L-0.2,Kienan Ferson,kfersonon@g.co,+1 (251) 291-1195,72997 Annamark Plaza,Mobile,United States,36689,No,Excelsa,Light Roast,3,0.2,4.455,13.365,0.49005,20,Saturday,6,2020
ALR-62963-723,2020-06-21,80463-43913-WZ,R-D-0.2,Malynda Purbrick,,+353 (160) 183-4278,9233 3rd Avenue,Balally,Ireland,D04,Yes,Robusta,Dark Roast,3,0.2,2.6849999999999996,8.055,0.16109999999999997,21,Sunday,6,2020
IXW-20780-268,2020-06-24,20236-64364-QL,L-L-2.5,Shay Couronne,scouronneh3@mozilla.org,+1 (701) 894-8081,67 David Lane,Fargo,United States,58122,Yes,Liberica,Light Roast,2,2.5,36.455,72.91,4.7391499999999995,24,Wednesday,6,2020
CVA-64996-969,2020-06-24,13324-78688-MI,A-L-1,Cordy Odgaard,codgaardh9@nsw.gov.au,+1 (503) 203-1484,5 Florence Court,Portland,United States,97296,No,Arabica,Light Roast,6,1.0,12.95,77.69999999999999,1.1655,24,Wednesday,6,2020
RAU-17060-674,2020-06-26,12747-63766-EU,L-L-0.2,Caddric Atcheson,catchesonmr@xinhuanet.com,+1 (202) 975-7723,1 Hovde Pass,Washington,United States,20470,Yes,Liberica,Light Roast,1,0.2,4.755,4.755,0.61815,26,Friday,6,2020
XSN-26809-910,2020-06-28,80467-17137-TO,E-M-2.5,Dianne Chardin,dchardinhc@nhs.uk,,6495 Warrior Point,Ballybofey,Ireland,V23,Yes,Excelsa,Medium Roast,2,2.5,31.624999999999996,63.24999999999999,3.47875,28,Sunday,6,2020
JLN-14700-924,2020-06-28,79058-02767-CP,L-L-0.2,Conny Gheraldi,cgheraldi6g@opera.com,+44 (494) 875-2364,28998 Cottonwood Point,Kinloch,United Kingdom,PH43,No,Liberica,Light Roast,5,0.2,4.755,23.775,0.61815,28,Sunday,6,2020
GFK-52063-244,2020-06-29,44981-99666-XB,L-L-0.5,Una Welberry,uwelberryy@ebay.co.uk,+44 (392) 503-8132,40915 Schlimgen Park,Upton,United Kingdom,DN21,Yes,Liberica,Light Roast,6,0.5,9.51,57.06,1.2363,29,Monday,6,2020
WRN-55114-031,2020-06-29,40180-22940-QB,E-L-2.5,Courtney Pallant,cpallanthv@typepad.com,,117 American Ash Crossing,Dallas,United States,75260,Yes,Excelsa,Light Roast,3,2.5,34.154999999999994,102.46499999999997,3.7570499999999996,29,Monday,6,2020
KGC-95046-911,2020-06-30,95351-96177-QV,A-M-2.5,Elden Andriessen,eandriessenj9@europa.eu,+1 (314) 307-5250,64390 Sommers Road,Saint Louis,United States,63121,Yes,Arabica,Medium Roast,2,2.5,25.874999999999996,51.74999999999999,2.3287499999999994,30,Tuesday,6,2020
OLA-68289-577,2020-06-30,40226-52317-IO,A-M-0.5,Evy Wilsone,ewilsonepq@eepurl.com,+1 (202) 969-6382,13130 Heffernan Point,Washington,United States,20238,Yes,Arabica,Medium Roast,5,0.5,6.75,33.75,0.6074999999999999,30,Tuesday,6,2020
ISL-11200-600,2020-07-02,13654-85265-IL,A-D-0.2,Rudy Farquharson,,,30178 Claremont Road,Charlesland,Ireland,A63,Yes,Arabica,Dark Roast,6,0.2,2.985,17.91,0.26865,2,Thursday,7,2020
KYG-28296-920,2020-07-02,78050-20355-DI,E-M-2.5,Granger Smallcombe,gsmallcombed6@ucla.edu,+353 (374) 810-4528,8448 Oxford Trail,Kilkenny,Ireland,R95,Yes,Excelsa,Medium Roast,1,2.5,31.624999999999996,31.624999999999996,3.47875,2,Thursday,7,2020
ALP-37623-536,2020-07-03,24689-69376-XX,L-L-1,Charmane Denys,cdenysi1@is.gd,+44 (341) 297-2539,480 Shopko Street,Carlton,United Kingdom,DL8,No,Liberica,Light Roast,6,1.0,15.85,95.1,2.0605,3,Friday,7,2020
KAW-95195-329,2020-07-04,34570-99384-AF,R-D-2.5,Sharity Wickens,,+353 (724) 224-5556,5873 Lake View Parkway,Cavan,Ireland,H12,Yes,Robusta,Dark Roast,4,2.5,20.584999999999997,82.33999999999999,1.2350999999999999,4,Saturday,7,2020
AJV-18231-334,2020-07-05,23473-41001-CD,R-D-2.5,Agnes Adamides,aadamidesco@bizjournals.com,+44 (131) 485-2183,6338 Arkansas Drive,Liverpool,United Kingdom,L74,No,Robusta,Dark Roast,2,2.5,20.584999999999997,41.169999999999995,1.2350999999999999,5,Sunday,7,2020
UDN-88321-005,2020-07-05,14640-87215-BK,R-L-0.5,Hailee Radbone,hradbonehd@newsvine.com,+1 (415) 968-9559,265 Maple Parkway,San Francisco,United States,94159,No,Robusta,Light Roast,5,0.5,7.169999999999999,35.849999999999994,0.4301999999999999,5,Sunday,7,2020
YJU-84377-606,2020-07-07,20259-47723-AC,A-D-1,Lyn Entwistle,lentwistle6w@omniture.com,+1 (612) 972-1256,54 Canary Terrace,Minneapolis,United States,55458,Yes,Arabica,Dark Roast,1,1.0,9.95,9.95,0.8954999999999999,7,Tuesday,7,2020
CUU-92244-729,2020-07-11,99735-44927-OL,E-M-1,Julius Mccaull,jmccaulld0@parallels.com,,89 Gulseth Circle,San Rafael,United States,94913,Yes,Excelsa,Medium Roast,3,1.0,13.75,41.25,1.5125,11,Saturday,7,2020
ZWI-52029-159,2020-07-12,40172-12000-AU,L-M-1,Leonore Francisco,lfrancisco42@fema.gov,+1 (775) 346-9758,48757 Bay Parkway,Carson City,United States,89714,No,Liberica,Medium Roast,3,1.0,14.55,43.650000000000006,1.8915000000000002,12,Sunday,7,2020
ZWI-52029-159,2020-07-12,40172-12000-AU,E-M-1,Leonore Francisco,lfrancisco42@fema.gov,+1 (775) 346-9758,48757 Bay Parkway,Carson City,United States,89714,No,Excelsa,Medium Roast,2,1.0,13.75,27.5,1.5125,12,Sunday,7,2020
JIG-27636-870,2020-07-13,67204-04870-LG,R-L-1,Alf Housaman,,+1 (616) 511-3898,8581 Mcguire Road,Grand Rapids,United States,49518,No,Robusta,Light Roast,4,1.0,11.95,47.8,0.717,13,Monday,7,2020
LXR-09892-726,2020-07-13,50924-94200-SQ,R-D-2.5,Boyce Tarte,btartem9@aol.com,+1 (360) 927-6561,084 Reindahl Park,Olympia,United States,98506,Yes,Robusta,Dark Roast,2,2.5,20.584999999999997,41.169999999999995,1.2350999999999999,13,Monday,7,2020
GPH-40635-105,2020-07-14,37397-05992-VO,A-M-1,Hewet Synnot,hsynnot3i@about.com,+1 (907) 245-0601,9667 Lunder Court,Anchorage,United States,99599,No,Arabica,Medium Roast,1,1.0,11.25,11.25,1.0125,14,Tuesday,7,2020
TXF-79780-017,2020-07-14,92048-47813-QB,R-L-1,Mab Blakemore,mblakemorer5@nsw.gov.au,+1 (806) 227-6812,70 Crescent Oaks Junction,Amarillo,United States,79105,No,Robusta,Light Roast,5,1.0,11.95,59.75,0.717,14,Tuesday,7,2020
ZIL-34948-499,2020-07-14,66458-91190-YC,A-D-0.5,Marja Urion,murione5@alexa.com,+353 (715) 989-0283,2 Sycamore Avenue,Virginia,Ireland,D18,Yes,Arabica,Dark Roast,2,0.5,5.97,11.94,0.5373,14,Tuesday,7,2020
TMO-22785-872,2020-07-15,01811-60350-CU,E-M-1,Sarette Ducarel,,+1 (914) 915-4328,04922 Colorado Street,Staten Island,United States,10310,No,Excelsa,Medium Roast,6,1.0,13.75,82.5,1.5125,15,Wednesday,7,2020
LTS-03470-353,2020-07-16,90985-89807-RW,A-L-2.5,Wang Powlesland,wpowleslandgt@soundcloud.com,+1 (412) 453-4798,2 Novick Junction,Pittsburgh,United States,15274,Yes,Arabica,Light Roast,5,2.5,29.784999999999997,148.92499999999998,2.6806499999999995,16,Thursday,7,2020
BYZ-39669-954,2020-07-18,66408-53777-VE,L-L-2.5,Lyndsey Megany,,+1 (716) 790-4379,7536 Homewood Place,Buffalo,United States,14276,No,Liberica,Light Roast,1,2.5,36.455,36.455,4.7391499999999995,18,Saturday,7,2020
XPG-66112-335,2020-07-19,58118-22461-GC,R-D-2.5,Jackquelin Chugg,jchuggfp@about.me,+1 (913) 466-8319,973 Kings Hill,Shawnee Mission,United States,66225,No,Robusta,Dark Roast,4,2.5,20.584999999999997,82.33999999999999,1.2350999999999999,19,Sunday,7,2020
SFD-00372-284,2020-07-19,54798-14109-HC,L-M-0.2,Odelia Skerme,oskermen3@hatena.ne.jp,+1 (405) 615-0298,4 Tony Circle,Oklahoma City,United States,73167,Yes,Liberica,Medium Roast,2,0.2,4.365,8.73,0.56745,19,Sunday,7,2020
BAQ-74241-156,2020-07-24,99869-55718-UU,R-D-0.2,Ransell McKall,rmckallct@sakura.ne.jp,+44 (841) 988-2775,451 Nevada Terrace,Bristol,United Kingdom,BS41,Yes,Robusta,Dark Roast,4,0.2,2.6849999999999996,10.739999999999998,0.16109999999999997,24,Friday,7,2020
DGY-35773-612,2020-07-25,17503-27693-ZH,E-L-1,Hamish MacSherry,,+1 (512) 430-4374,7 Brentwood Plaza,Austin,United States,78759,Yes,Excelsa,Light Roast,3,1.0,14.85,44.55,1.6335,25,Saturday,7,2020
ITR-54735-364,2020-07-26,92599-58687-CS,R-D-0.2,Edin Yantsurev,,+1 (856) 793-3491,208 Main Park,Camden,United States,8104,Yes,Robusta,Dark Roast,5,0.2,2.6849999999999996,13.424999999999997,0.16109999999999997,26,Sunday,7,2020
NUN-48214-216,2020-07-29,06953-94794-FB,A-M-0.5,Isahella Hagland,,+1 (260) 613-2279,07 Roxbury Street,Fort Wayne,United States,46862,No,Arabica,Medium Roast,4,0.5,6.75,27.0,0.6074999999999999,29,Wednesday,7,2020
TKH-62197-239,2020-07-30,25181-97933-UX,A-D-0.5,Tersina Castagne,tcastagnekn@wikia.com,+1 (407) 154-6967,403 Mifflin Pass,Orlando,United States,32868,No,Arabica,Dark Roast,3,0.5,5.97,17.91,0.5373,30,Thursday,7,2020
YQL-63755-365,2020-07-31,78570-76770-LB,A-M-0.2,Carolann Beine,cbeinee7@xinhuanet.com,+1 (205) 468-0236,81 West Plaza,Birmingham,United States,35244,Yes,Arabica,Medium Roast,4,0.2,3.375,13.5,0.30374999999999996,31,Friday,7,2020
VTV-03546-175,2020-07-31,03384-62101-IY,A-L-2.5,Osbert Robins,orobins3o@salon.com,+1 (256) 196-8054,42557 Fallview Plaza,Huntsville,United States,35815,Yes,Arabica,Light Roast,5,2.5,29.784999999999997,148.92499999999998,2.6806499999999995,31,Friday,7,2020
ATY-28980-884,2020-07-31,50705-17295-NK,A-L-0.2,Cristina Aleixo,caleixok5@globo.com,+1 (719) 241-4639,9 Lindbergh Center,Colorado Springs,United States,80935,No,Arabica,Light Roast,6,0.2,3.885,23.31,0.34964999999999996,31,Friday,7,2020
CPX-19312-088,2020-07-31,38387-64959-WW,L-M-0.5,Franny Kienlein,fkienleindi@trellian.com,+353 (972) 241-3434,1 Manitowish Pass,Coolock,Ireland,D17,Yes,Liberica,Medium Roast,6,0.5,8.73,52.38,1.1349,31,Friday,7,2020
MGH-36050-573,2020-08-03,75156-80911-YT,R-M-0.5,Valenka Stansbury,vstansburygc@unblog.fr,+1 (915) 530-3435,10283 Ramsey Hill,El Paso,United States,88553,Yes,Robusta,Medium Roast,2,0.5,5.97,11.94,0.35819999999999996,3,Monday,8,2020
DXQ-44537-297,2020-08-06,96116-24737-LV,E-L-0.5,Marjorie Yoxen,myoxenhk@google.com,+1 (213) 241-8051,84 Oak Valley Drive,Los Angeles,United States,90005,No,Excelsa,Light Roast,4,0.5,8.91,35.64,0.9801,6,Thursday,8,2020
AMT-40418-362,2020-08-08,04513-76520-QO,L-D-1,Jacinthe Balsillie,jbalsillie46@princeton.edu,+1 (540) 905-2213,2 Heffernan Center,Roanoke,United States,24040,Yes,Liberica,Dark Roast,1,1.0,12.95,12.95,1.6835,8,Saturday,8,2020
MXM-42948-061,2020-08-11,20203-03950-FY,L-L-0.2,Geneva Standley,gstandley38@dion.ne.jp,+353 (521) 138-4331,4 Thompson Drive,Killorglin,Ireland,H14,Yes,Liberica,Light Roast,4,0.2,4.755,19.02,0.61815,11,Tuesday,8,2020
CNJ-56058-223,2020-08-11,40780-22081-LX,L-L-0.5,Alberta Balsdone,abalsdonemi@toplist.cz,+1 (863) 490-5370,3 Kings Plaza,Largo,United States,34643,No,Liberica,Light Roast,3,0.5,9.51,28.53,1.2363,11,Tuesday,8,2020
QAK-77286-758,2020-08-11,34786-30419-XY,R-L-0.5,Fanchon Haughian,fhaughianq8@1688.com,+1 (253) 974-5538,2017 Ronald Regan Trail,Tacoma,United States,98405,No,Robusta,Light Roast,5,0.5,7.169999999999999,35.849999999999994,0.4301999999999999,11,Tuesday,8,2020
ULM-49433-003,2020-08-14,99421-80253-UI,E-M-1,Cybill Graddell,,,8 Reindahl Alley,Albany,United States,12205,No,Excelsa,Medium Roast,2,1.0,13.75,27.5,1.5125,14,Friday,8,2020
DGZ-82537-477,2020-08-14,43439-94003-DW,R-D-1,Flynn Antony,,+1 (205) 680-5859,5678 Doe Crossing Junction,Birmingham,United States,35244,No,Robusta,Dark Roast,5,1.0,8.95,44.75,0.5369999999999999,14,Friday,8,2020
RXW-91413-276,2020-08-15,29588-35679-RG,R-D-2.5,Nicko Corps,ncorpsa0@gmpg.org,+1 (803) 730-8217,119 Iowa Plaza,Columbia,United States,29220,No,Robusta,Dark Roast,2,2.5,20.584999999999997,41.169999999999995,1.2350999999999999,15,Saturday,8,2020
RXW-91413-276,2020-08-15,29588-35679-RG,R-M-0.5,Nicko Corps,ncorpsa0@gmpg.org,+1 (803) 730-8217,119 Iowa Plaza,Columbia,United States,29220,No,Robusta,Medium Roast,1,0.5,5.97,5.97,0.35819999999999996,15,Saturday,8,2020
DHJ-87461-571,2020-08-23,94525-76037-JP,A-M-1,Ethel Ryles,eryles9r@fastcompany.com,+1 (208) 760-1705,8 Schurz Place,Boise,United States,83722,No,Arabica,Medium Roast,2,1.0,11.25,22.5,1.0125,23,Sunday,8,2020
UDB-09651-780,2020-08-31,90767-92589-LV,E-D-0.5,Felita Eshmade,feshmadeks@umn.edu,+1 (804) 531-4136,08 Shopko Park,Richmond,United States,23203,No,Excelsa,Dark Roast,2,0.5,7.29,14.58,0.8019000000000001,31,Monday,8,2020
MAY-77231-536,2020-09-02,01304-59807-OB,A-M-0.2,Nico Hubert,,+1 (646) 228-3492,027 Village Avenue,New York City,United States,10155,Yes,Arabica,Medium Roast,2,0.2,3.375,6.75,0.30374999999999996,2,Wednesday,9,2020
AHY-20324-088,2020-09-06,63499-24884-PP,L-L-0.2,Nicky Ayris,nayrisix@t-online.de,+44 (627) 552-5656,7 Reinke Circle,Kinloch,United Kingdom,PH43,Yes,Liberica,Light Roast,2,0.2,4.755,9.51,0.61815,6,Sunday,9,2020
AHV-66988-037,2020-09-08,12743-00952-KO,R-M-2.5,Christel Speak,,+1 (678) 222-0967,8 Crowley Place,Duluth,United States,30096,No,Robusta,Medium Roast,2,2.5,22.884999999999998,45.769999999999996,1.3730999999999998,8,Tuesday,9,2020
ZZL-76364-387,2020-09-09,11263-86515-VU,R-L-2.5,Randal Longfield,rlongfielday@bluehost.com,+1 (612) 210-6966,513 Commercial Avenue,Minneapolis,United States,55458,No,Robusta,Light Roast,4,2.5,27.484999999999996,109.93999999999998,1.6490999999999998,9,Wednesday,9,2020
EHX-66333-637,2020-09-09,01297-94364-XH,L-M-0.5,Deana Staite,dstaite3z@scientificamerican.com,+1 (713) 478-3937,39 Dunning Hill,Houston,United States,77281,No,Liberica,Medium Roast,2,0.5,8.73,17.46,1.1349,9,Wednesday,9,2020
EPT-12715-397,2020-09-09,08478-75251-OG,A-D-0.2,Lenore Messenbird,,+1 (217) 713-5108,7881 Dahle Center,Springfield,United States,62723,Yes,Arabica,Dark Roast,6,0.2,2.985,17.91,0.26865,9,Wednesday,9,2020
USN-44968-231,2020-09-10,71749-05400-CN,R-L-1,Giana Tonnesen,,+1 (202) 931-2413,041 Lighthouse Bay Center,Washington,United States,20436,No,Robusta,Light Roast,4,1.0,11.95,47.8,0.717,10,Thursday,9,2020
MJF-20065-335,2020-09-10,56891-86662-UY,E-L-0.5,Val Wakelin,vwakelinic@unesco.org,+1 (517) 163-7746,2003 Muir Lane,Lansing,United States,48930,No,Excelsa,Light Roast,6,0.5,8.91,53.46,0.9801,10,Thursday,9,2020
MEX-29350-659,2020-09-11,02009-87294-SY,E-M-1,Vasily Polglase,vpolglasefd@about.me,,63 Maryland Trail,Toledo,United States,43610,No,Excelsa,Medium Roast,5,1.0,13.75,68.75,1.5125,11,Friday,9,2020
DBU-81099-586,2020-09-11,15770-27099-GX,A-D-2.5,Raynor McGilvary,rmcgilvary1c@tamu.edu,,496 Rockefeller Court,Norfolk,United States,23514,No,Arabica,Dark Roast,4,2.5,22.884999999999998,91.53999999999999,2.0596499999999995,11,Friday,9,2020
KXA-27983-918,2020-09-15,96042-27290-EQ,R-L-0.5,Daryn Cassius,,+1 (269) 398-0766,19 Ridgeway Road,Battle Creek,United States,49018,No,Robusta,Light Roast,5,0.5,7.169999999999999,35.849999999999994,0.4301999999999999,15,Tuesday,9,2020
WKD-81956-870,2020-09-16,48090-06534-HI,L-D-0.5,Waneta Edinborough,wedinborough66@github.io,+1 (516) 445-4950,1 Golden Leaf Hill,Hicksville,United States,11854,No,Liberica,Dark Roast,3,0.5,7.77,23.31,1.0101,16,Wednesday,9,2020
FBI-35855-418,2020-09-16,06552-04430-AG,R-M-0.5,Sky Farnish,sfarnishdp@dmoz.org,+44 (847) 377-8172,170 Prentice Center,Eaton,United Kingdom,DN22,No,Robusta,Medium Roast,6,0.5,5.97,35.82,0.35819999999999996,16,Wednesday,9,2020
UQI-28177-865,2020-09-18,04317-46176-TB,R-L-0.2,Ingamar Eberlein,ieberleinqf@hc360.com,+1 (717) 323-3451,8 Delaware Circle,Harrisburg,United States,17121,No,Robusta,Light Roast,6,0.2,3.5849999999999995,21.509999999999998,0.21509999999999996,18,Friday,9,2020
AHQ-40440-522,2020-09-18,83833-46106-ZC,A-D-1,Martie Brimilcombe,mbrimilcombele@cnn.com,,2260 Kinsman Junction,Springfield,United States,22156,No,Arabica,Dark Roast,1,1.0,9.95,9.95,0.8954999999999999,18,Friday,9,2020
RXI-67978-260,2020-09-19,48418-60841-CC,E-D-1,Klarika Egglestone,kegglestonedj@sphinn.com,+353 (452) 975-6438,2765 Sunfield Terrace,Coolock,Ireland,D17,No,Excelsa,Dark Roast,6,1.0,12.15,72.9,1.3365,19,Saturday,9,2020
YXP-20078-116,2020-09-23,37238-52421-JJ,R-M-0.5,Judd De Leek,jdeag@xrea.com,+1 (616) 966-1581,90 Saint Paul Plaza,Grand Rapids,United States,49560,Yes,Robusta,Medium Roast,1,0.5,5.97,5.97,0.35819999999999996,23,Wednesday,9,2020
ZAY-43009-775,2020-09-27,73431-39823-UP,L-D-0.2,Kendra Backshell,,+1 (317) 595-9406,47101 Northfield Lane,Indianapolis,United States,46295,No,Liberica,Dark Roast,6,0.2,3.885,23.31,0.50505,27,Sunday,9,2020
WIT-40912-783,2020-09-28,86768-91598-FA,L-D-0.2,Trescha Jedrachowicz,tjedrachowicz8d@acquirethisname.com,+1 (512) 635-4547,4019 Hagan Plaza,Austin,United States,78737,Yes,Liberica,Dark Roast,4,0.2,3.885,15.54,0.50505,28,Monday,9,2020
AUP-10128-606,2020-10-01,54387-64897-XC,A-M-0.5,Fransisco Malecky,fmalecky5t@list-manage.com,+44 (738) 660-4264,11 Dakota Lane,Whitwell,United Kingdom,DL10,No,Arabica,Medium Roast,1,0.5,6.75,6.75,0.6074999999999999,1,Thursday,10,2020
JVF-91003-729,2020-10-02,98536-88616-FF,A-D-2.5,Denny O' Ronan,dohx@redcross.org,+1 (325) 276-3690,92 Kingsford Court,San Angelo,United States,76905,Yes,Arabica,Dark Roast,3,2.5,22.884999999999998,68.655,2.0596499999999995,2,Friday,10,2020
OGD-10781-526,2020-10-04,16880-78077-FB,R-L-0.5,Terri Farra,tfarraac@behance.net,+1 (432) 648-9589,06448 Burrows Terrace,Odessa,United States,79764,No,Robusta,Light Roast,6,0.5,7.169999999999999,43.019999999999996,0.4301999999999999,4,Sunday,10,2020
VYP-89830-878,2020-10-04,12715-05198-QU,A-M-2.5,Gerard Pirdy,,+1 (305) 345-2788,74 Becker Lane,Boca Raton,United States,33487,Yes,Arabica,Medium Roast,2,2.5,25.874999999999996,51.74999999999999,2.3287499999999994,4,Sunday,10,2020
TNI-91067-006,2020-10-05,80444-58185-FX,E-L-1,Bobbe Piggott,,+1 (202) 650-1803,812 Erie Court,Washington,United States,20546,Yes,Excelsa,Light Roast,4,1.0,14.85,59.4,1.6335,5,Monday,10,2020
ASS-05878-128,2020-10-10,66580-33745-OQ,E-L-0.5,Shelley Gehring,sgehringjl@gnu.org,+1 (864) 940-7075,663 Westend Hill,Spartanburg,United States,29305,No,Excelsa,Light Roast,2,0.5,8.91,17.82,0.9801,10,Saturday,10,2020
KHO-27106-786,2020-10-10,01603-43789-TN,A-M-1,Brice Romera,bromeramj@list-manage.com,+353 (640) 110-9801,2311 Eastlawn Plaza,Foxrock,Ireland,D04,Yes,Arabica,Medium Roast,6,1.0,11.25,67.5,1.0125,10,Saturday,10,2020
FTC-35822-530,2020-10-10,14307-87663-KB,E-D-0.5,Tammie Drynan,tdrynan6r@deviantart.com,+1 (813) 619-0579,5776 Coleman Circle,Tampa,United States,33661,Yes,Excelsa,Dark Roast,4,0.5,7.29,29.16,0.8019000000000001,10,Saturday,10,2020
KHO-27106-786,2020-10-10,01603-43789-TN,L-D-2.5,Brice Romera,bromeramj@list-manage.com,+353 (640) 110-9801,2311 Eastlawn Plaza,Foxrock,Ireland,D04,Yes,Liberica,Dark Roast,6,2.5,29.784999999999997,178.70999999999998,3.8720499999999998,10,Saturday,10,2020
NFQ-23241-793,2020-10-11,88446-59251-SQ,A-M-1,Quinton Fouracres,,+1 (515) 508-1573,53 New Castle Point,Des Moines,United States,50369,Yes,Arabica,Medium Roast,3,1.0,11.25,33.75,1.0125,11,Sunday,10,2020
EQH-53569-934,2020-10-13,53667-91553-LT,E-M-1,Barnett Sillis,bsillispw@istockphoto.com,+1 (305) 267-4961,53 Shasta Plaza,Miami,United States,33169,No,Excelsa,Medium Roast,4,1.0,13.75,55.0,1.5125,13,Tuesday,10,2020
NOM-56457-507,2020-10-14,40214-03678-GU,E-M-1,Hazel Saill,hsaillip@odnoklassniki.ru,+1 (913) 968-8024,3186 Bay Lane,Kansas City,United States,66160,Yes,Excelsa,Medium Roast,6,1.0,13.75,82.5,1.5125,14,Wednesday,10,2020
IRV-20769-219,2020-10-15,77131-58092-GE,E-M-0.2,Vidovic Antonelli,,+44 (810) 927-9266,3242 Corscot Pass,London,United Kingdom,EC1V,Yes,Excelsa,Medium Roast,3,0.2,4.125,12.375,0.45375,15,Thursday,10,2020
CYM-74988-450,2020-10-16,87223-37422-SK,L-D-0.2,Rufus Flear,rflearf5@artisteer.com,+44 (271) 881-4912,30 Mayer Terrace,Sheffield,United Kingdom,S33,No,Liberica,Dark Roast,4,0.2,3.885,15.54,0.50505,16,Friday,10,2020
RMW-74160-339,2020-10-16,38978-59582-JP,R-L-2.5,Emlynne Heining,eheining4x@flickr.com,,439 West Point,Johnson City,United States,37605,Yes,Robusta,Light Roast,4,2.5,27.484999999999996,109.93999999999998,1.6490999999999998,16,Friday,10,2020
FUX-85791-078,2020-10-16,59122-08794-WT,A-M-0.2,Waylin Hollingdale,whollingdaleaf@about.me,+1 (937) 354-2653,3 Heath Trail,Dayton,United States,45426,Yes,Arabica,Medium Roast,2,0.2,3.375,6.75,0.30374999999999996,16,Friday,10,2020
BVU-77367-451,2020-10-20,77421-46059-RY,A-D-1,Borg Daile,bdailecu@vistaprint.com,+1 (770) 330-7785,385 Corben Parkway,Atlanta,United States,31119,Yes,Arabica,Dark Roast,5,1.0,9.95,49.75,0.8954999999999999,20,Tuesday,10,2020
BNZ-20544-633,2020-10-21,31798-95707-NR,L-L-0.5,Gothart Bamfield,gbamfieldae@yellowpages.com,+1 (214) 200-7886,41203 Vernon Street,Irving,United States,75037,Yes,Liberica,Light Roast,4,0.5,9.51,38.04,1.2363,21,Wednesday,10,2020
BMM-86471-923,2020-10-22,76319-80715-II,L-D-2.5,Dallas Yarham,dyarhaml3@moonfruit.com,+1 (816) 213-5248,689 8th Hill,Independence,United States,64054,Yes,Liberica,Dark Roast,1,2.5,29.784999999999997,29.784999999999997,3.8720499999999998,22,Thursday,10,2020
WTV-24996-658,2020-10-23,57837-15577-YK,E-D-2.5,Dom Milella,,+353 (361) 732-3444,87 Cascade Crossing,Manorhamilton,Ireland,H16,No,Excelsa,Dark Roast,3,2.5,27.945,83.83500000000001,3.07395,23,Friday,10,2020
OXY-65322-253,2020-10-24,07591-92789-UA,E-M-0.2,Culley Farris,,+1 (941) 267-4822,4 Mitchell Drive,Punta Gorda,United States,33982,Yes,Excelsa,Medium Roast,3,0.2,4.125,12.375,0.45375,24,Saturday,10,2020
VTB-46451-959,2020-10-25,66240-46962-IO,L-D-2.5,Berty Beelby,bbeelbyej@rediff.com,+353 (537) 360-4393,844 Sachs Avenue,Lucan,Ireland,K78,No,Liberica,Dark Roast,1,2.5,29.784999999999997,29.784999999999997,3.8720499999999998,25,Sunday,10,2020
DMY-96037-963,2020-10-26,42179-95059-DO,L-D-0.2,Maisie Sarvar,msarvaras@artisteer.com,+1 (404) 401-6865,83 Saint Paul Drive,Lawrenceville,United States,30045,Yes,Liberica,Dark Roast,3,0.2,3.885,11.655,0.50505,26,Monday,10,2020
VAJ-44572-469,2020-10-27,79216-73157-TE,R-L-0.2,Delmar Beasant,,+353 (382) 208-0531,856 Colorado Way,Kilkenny,Ireland,R95,Yes,Robusta,Light Roast,6,0.2,3.5849999999999995,21.509999999999998,0.21509999999999996,27,Tuesday,10,2020
RPJ-37787-335,2020-10-27,76005-95461-CI,A-M-2.5,Aurlie McCarl,,+1 (504) 209-2724,731 David Park,New Orleans,United States,70183,No,Arabica,Medium Roast,3,2.5,25.874999999999996,77.62499999999999,2.3287499999999994,27,Tuesday,10,2020
VQR-01002-970,2020-10-28,49315-21985-BB,E-L-2.5,Duky Phizackerly,dphizackerlyb@utexas.edu,+1 (408) 533-6012,28643 Bluejay Crossing,San Jose,United States,95194,Yes,Excelsa,Light Roast,5,2.5,34.154999999999994,170.77499999999998,3.7570499999999996,28,Wednesday,10,2020
TXB-80533-417,2020-10-28,54597-57004-QM,L-L-1,Felicia Jecock,fjecockdq@unicef.org,+1 (225) 116-2959,403 Vahlen Junction,Baton Rouge,United States,70836,No,Liberica,Light Roast,2,1.0,15.85,31.7,2.0605,28,Wednesday,10,2020
SKA-73676-005,2020-10-29,36572-91896-PP,L-M-1,Reese Lidgey,rlidgeykm@vimeo.com,+1 (901) 276-4141,22 Northwestern Alley,Memphis,United States,38188,No,Liberica,Medium Roast,4,1.0,14.55,58.2,1.8915000000000002,29,Thursday,10,2020
WDM-77521-710,2020-10-29,86144-10144-CB,A-M-0.5,Itch Norquoy,inorquoyav@businessweek.com,,1 Welch Court,Minneapolis,United States,55458,No,Arabica,Medium Roast,2,0.5,6.75,13.5,0.6074999999999999,29,Thursday,10,2020
ABK-08091-531,2020-10-30,53864-36201-FG,L-L-1,Tess Benediktovich,tbenediktovichmv@ebay.com,+1 (505) 523-8113,1068 Sutherland Plaza,Albuquerque,United States,87140,Yes,Liberica,Light Roast,3,1.0,15.85,47.55,2.0605,30,Friday,10,2020
ROV-87448-086,2020-11-02,30381-64762-NG,A-M-2.5,Adham Greenhead,agreenhead2j@dailymail.co.uk,+1 (951) 797-0738,0062 Spenser Place,Corona,United States,92878,No,Arabica,Medium Roast,4,2.5,25.874999999999996,103.49999999999999,2.3287499999999994,2,Monday,11,2020
UMM-28497-689,2020-11-03,05325-97750-WP,L-L-2.5,Cody Verissimo,cverissimogh@theglobeandmail.com,,18 Bluestem Avenue,Upton,United Kingdom,DN21,Yes,Liberica,Light Roast,3,2.5,36.455,109.365,4.7391499999999995,3,Tuesday,11,2020
DBC-44122-300,2020-11-04,13366-78506-KP,L-M-0.2,Aube Follett,,+1 (614) 370-6392,8671 David Park,Columbus,United States,43210,Yes,Liberica,Medium Roast,3,0.2,4.365,13.095,0.56745,4,Wednesday,11,2020
TDJ-20844-787,2020-11-05,77876-28498-HI,A-L-0.5,Xenos Gibbons,xgibbonsb0@artisteer.com,+1 (909) 614-0008,002 7th Junction,San Bernardino,United States,92415,No,Arabica,Light Roast,5,0.5,7.77,38.849999999999994,0.6992999999999999,5,Thursday,11,2020
QWY-99467-368,2020-11-06,96434-50068-DZ,A-D-2.5,Nadeen Broomer,nbroomern6@examiner.com,+1 (402) 219-2018,51 Straubel Terrace,Omaha,United States,68117,No,Arabica,Dark Roast,1,2.5,22.884999999999998,22.884999999999998,2.0596499999999995,6,Friday,11,2020
RGU-43561-950,2020-11-07,44220-00348-MB,A-L-2.5,Broderick McGilvra,bmcgilvrabm@so-net.ne.jp,,880 Mockingbird Plaza,Sacramento,United States,94263,Yes,Arabica,Light Roast,5,2.5,29.784999999999997,148.92499999999998,2.6806499999999995,7,Saturday,11,2020
NOA-79645-377,2020-11-09,53729-30320-XZ,R-D-0.5,Ericka Tripp,etrippmt@wp.com,+1 (602) 971-9708,4 4th Pass,Mesa,United States,85205,No,Robusta,Dark Roast,5,0.5,5.369999999999999,26.849999999999994,0.32219999999999993,9,Monday,11,2020
RIK-61730-794,2020-11-12,69761-61146-KD,L-M-0.2,Ancell Fendt,afendtgx@forbes.com,+1 (414) 811-7606,6 Rutledge Trail,Milwaukee,United States,53234,Yes,Liberica,Medium Roast,6,0.2,4.365,26.19,0.56745,12,Thursday,11,2020
PJB-15659-994,2020-11-13,39457-62611-YK,L-D-2.5,Jorge Bettison,,+353 (782) 457-9198,3336 Lien Plaza,Longwood,Ireland,D02,No,Liberica,Dark Roast,4,2.5,29.784999999999997,119.13999999999999,3.8720499999999998,13,Friday,11,2020
VPX-08817-517,2020-11-15,46963-10322-ZA,L-L-1,Granger Fantham,gfanthamjz@hexun.com,+1 (323) 878-8818,46555 Graceland Court,Los Angeles,United States,90035,Yes,Liberica,Light Roast,5,1.0,15.85,79.25,2.0605,15,Sunday,11,2020
LWS-13938-905,2020-11-18,90533-82440-EE,A-M-2.5,Michale Delves,mdelvespz@nature.com,+1 (334) 881-9178,670 Shoshone Circle,Montgomery,United States,36177,Yes,Arabica,Medium Roast,6,2.5,25.874999999999996,155.24999999999997,2.3287499999999994,18,Wednesday,11,2020
FVV-75700-005,2020-11-20,24891-77957-LU,E-D-0.5,Rochette Huscroft,rhuscroftk8@jimdo.com,+1 (775) 223-5044,6111 Bobwhite Way,Reno,United States,89510,Yes,Excelsa,Dark Roast,3,0.5,7.29,21.87,0.8019000000000001,20,Friday,11,2020
OGW-60685-912,2020-11-21,67423-10113-LM,E-D-2.5,Hildegarde Brangan,hbranganex@woothemes.com,,5 Pleasure Junction,Evansville,United States,47747,Yes,Excelsa,Dark Roast,4,2.5,27.945,111.78,3.07395,21,Saturday,11,2020
DFZ-45083-941,2020-11-21,34665-62561-AU,R-L-2.5,Tani Taffarello,ttaffarello78@sciencedaily.com,,26 Linden Center,Saint Louis,United States,63180,Yes,Robusta,Light Roast,1,2.5,27.484999999999996,27.484999999999996,1.6490999999999998,21,Saturday,11,2020
JMS-48374-462,2020-11-23,49667-96708-JL,A-D-2.5,Florinda Matusovsky,,+1 (518) 618-9919,2 Moland Court,Albany,United States,12205,Yes,Arabica,Dark Roast,2,2.5,22.884999999999998,45.769999999999996,2.0596499999999995,23,Monday,11,2020
TNW-41601-420,2020-11-24,66458-91190-YC,R-M-1,Marja Urion,murione5@alexa.com,+353 (715) 989-0283,2 Sycamore Avenue,Virginia,Ireland,D18,Yes,Robusta,Medium Roast,5,1.0,9.95,49.75,0.597,24,Tuesday,11,2020
OBN-66334-505,2020-11-30,86757-52367-ON,E-L-0.2,Jarred Camillo,jcamillopt@shinystat.com,+1 (202) 572-0994,48965 Mesta Lane,Washington,United States,20404,Yes,Excelsa,Light Roast,2,0.2,4.455,8.91,0.49005,30,Monday,11,2020
YPP-27450-525,2020-12-02,01932-87052-KO,E-M-0.5,Leonie Cullrford,lcullrfordb9@xing.com,+1 (530) 998-9789,71 Sycamore Crossing,Chico,United States,95973,Yes,Excelsa,Medium Roast,3,0.5,8.25,24.75,0.9075,2,Wednesday,12,2020
LQU-08404-173,2020-12-03,09960-34242-LZ,L-L-1,Salomo Cushworth,,+1 (609) 409-7044,44 Oneill Parkway,Trenton,United States,8650,No,Liberica,Light Roast,3,1.0,15.85,47.55,2.0605,3,Thursday,12,2020
NUO-20013-488,2020-12-04,03090-88267-BQ,A-D-0.2,Avrit Davidowsky,adavidowskyl@netvibes.com,+1 (616) 481-9962,9 Warrior Junction,Grand Rapids,United States,49560,No,Arabica,Dark Roast,6,0.2,2.985,17.91,0.26865,4,Friday,12,2020
IDU-25793-399,2020-12-04,76664-37050-DT,E-D-0.2,Aurea Corradino,acorradinoj@harvard.edu,+1 (646) 202-5965,698 Canary Terrace,New York City,United States,10060,Yes,Excelsa,Dark Roast,4,0.2,3.645,14.58,0.40095000000000003,4,Friday,12,2020
IDU-25793-399,2020-12-04,76664-37050-DT,A-M-0.2,Aurea Corradino,acorradinoj@harvard.edu,+1 (646) 202-5965,698 Canary Terrace,New York City,United States,10060,Yes,Arabica,Medium Roast,5,0.2,3.375,16.875,0.30374999999999996,4,Friday,12,2020
OWY-43108-475,2020-12-05,06432-73165-ML,A-M-0.2,Gaile Goggin,ggoggin8x@wix.com,+353 (484) 159-9549,654 Mandrake Plaza,Sandyford,Ireland,D04,Yes,Arabica,Medium Roast,6,0.2,3.375,20.25,0.30374999999999996,5,Saturday,12,2020
ZVG-20473-043,2020-12-06,71769-10219-IM,A-D-0.2,Dagny Kornel,dkornelcy@cyberchimps.com,+1 (989) 565-9120,60360 Killdeer Alley,Saginaw,United States,48604,Yes,Arabica,Dark Roast,3,0.2,2.985,8.955,0.26865,6,Sunday,12,2020
EUH-08089-954,2020-12-06,29050-93691-TS,A-D-0.2,Vicki Kirdsch,vkirdsch2o@google.fr,,0263 Golf Street,Saint Louis,United States,63150,No,Arabica,Dark Roast,2,0.2,2.985,5.97,0.26865,6,Sunday,12,2020
BIU-21970-705,2020-12-07,89711-56688-GG,R-M-2.5,Friederike Drysdale,fdrysdale6m@symantec.com,+1 (989) 215-5282,0229 Hovde Hill,Midland,United States,48670,Yes,Robusta,Medium Roast,2,2.5,22.884999999999998,45.769999999999996,1.3730999999999998,7,Monday,12,2020
YAC-50329-982,2020-12-08,75419-92838-TI,E-M-2.5,Conchita Bryde,cbrydeml@tuttocitta.it,+1 (405) 497-2199,74 Crowley Plaza,Oklahoma City,United States,73179,Yes,Excelsa,Medium Roast,1,2.5,31.624999999999996,31.624999999999996,3.47875,8,Tuesday,12,2020
COL-72079-610,2020-12-09,38487-01549-MV,E-L-0.5,Godfry Poinsett,gpoinsett61@berkeley.edu,+1 (626) 451-7397,75026 Monica Parkway,Pasadena,United States,91131,No,Excelsa,Light Roast,4,0.5,8.91,35.64,0.9801,9,Wednesday,12,2020
XCG-07109-195,2020-12-11,92976-19453-DT,L-D-0.2,Nick Brakespear,nbrakespearfa@rediff.com,+1 (973) 380-3976,2 Jenna Hill,Newark,United States,7112,Yes,Liberica,Dark Roast,6,0.2,3.885,23.31,0.50505,11,Friday,12,2020
WFT-16178-396,2020-12-16,33555-01585-RP,R-D-0.2,Quintina Heavyside,qheavysidepj@unc.edu,+1 (859) 572-4305,7995 Macpherson Drive,Lexington,United States,40515,Yes,Robusta,Dark Roast,5,0.2,2.6849999999999996,13.424999999999997,0.16109999999999997,16,Wednesday,12,2020
QKA-72582-644,2020-12-16,64852-04619-XZ,E-M-0.5,Violante Skouling,,,9366 Bunting Center,Drumcondra,Ireland,D11,No,Excelsa,Medium Roast,2,0.5,8.25,16.5,0.9075,16,Wednesday,12,2020
GNO-91911-159,2020-12-17,96503-31833-CW,L-D-0.5,Skylar Jeyness,sjeyness8y@biglobe.ne.jp,+353 (460) 272-4069,43 Fremont Point,Dublin,Ireland,D04,No,Liberica,Dark Roast,3,0.5,7.77,23.31,1.0101,17,Thursday,12,2020
BYU-58154-603,2020-12-17,51971-70393-QM,E-D-0.5,Claiborne Feye,cfeye4k@google.co.jp,+353 (471) 184-7815,601 Northridge Circle,Castlebridge,Ireland,R14,No,Excelsa,Dark Roast,4,0.5,7.29,29.16,0.8019000000000001,17,Thursday,12,2020
XUS-73326-418,2020-12-18,37078-56703-AF,E-L-1,Gussy Broadbear,gbroadbear7p@omniture.com,+1 (573) 758-1104,0 Manitowish Hill,Columbia,United States,65211,No,Excelsa,Light Roast,6,1.0,14.85,89.1,1.6335,18,Friday,12,2020
CYH-53243-218,2020-12-18,88167-57964-PH,R-M-0.5,Adelice Isabell,,+1 (304) 604-2131,93 Hintze Point,Charleston,United States,25336,No,Robusta,Medium Roast,3,0.5,5.97,17.91,0.35819999999999996,18,Friday,12,2020
BXN-64230-789,2020-12-19,25598-77476-CB,A-L-1,Diane-marie Wincer,dwincere2@marriott.com,+1 (915) 676-6367,04 Stuart Way,El Paso,United States,88546,Yes,Arabica,Light Roast,2,1.0,12.95,25.9,1.1655,19,Saturday,12,2020
IXU-67272-326,2020-12-24,91654-79216-IC,E-L-0.5,Arlana Ferrea,aferreal4@wikia.com,,5299 Springs Park,Greensboro,United States,27404,No,Excelsa,Light Roast,5,0.5,8.91,44.55,0.9801,24,Thursday,12,2020
OIB-77163-890,2020-12-25,38972-89678-ZM,E-L-0.5,Carney Clemencet,cclemencetg5@weather.com,,09240 Arkansas Point,Birmingham,United Kingdom,B40,Yes,Excelsa,Light Roast,5,0.5,8.91,44.55,0.9801,25,Friday,12,2020
JBE-92943-643,2020-12-29,84466-22864-CE,E-D-2.5,Karl Imorts,kimortsee@alexa.com,+1 (321) 156-1160,250 Elmside Junction,Melbourne,United States,32941,No,Excelsa,Dark Roast,5,2.5,27.945,139.725,3.07395,29,Tuesday,12,2020
VDZ-76673-968,2020-12-31,82246-82543-DW,E-D-0.5,Bobinette Hindsberg,bhindsberg3n@blogs.com,+1 (704) 888-5303,7 Brickson Park Road,Charlotte,United States,28210,Yes,Excelsa,Dark Roast,2,0.5,7.29,14.58,0.8019000000000001,31,Thursday,12,2020
GAZ-58626-277,2021-01-04,69533-84907-FA,L-L-0.2,Shirlene Edmondson,sedmondson1z@theguardian.com,+353 (248) 428-7978,4752 International Point,Newmarket on Fergus,Ireland,P17,No,Liberica,Light Roast,2,0.2,4.755,9.51,0.61815,4,Monday,1,2021
VUT-20974-364,2021-01-04,90285-56295-PO,R-M-0.5,Lenci Haggerstone,lhaggerstonemn@independent.co.uk,+1 (770) 779-0007,52441 Evergreen Lane,Atlanta,United States,30351,No,Robusta,Medium Roast,6,0.5,5.97,35.82,0.35819999999999996,4,Monday,1,2021
YVK-82679-655,2021-01-07,95342-88311-SF,R-M-0.5,Yuri Burrells,yburrellsqr@vinaora.com,+1 (859) 101-4742,4 Brickson Park Court,Lexington,United States,40510,Yes,Robusta,Medium Roast,4,0.5,5.97,23.88,0.35819999999999996,7,Thursday,1,2021
VRT-39834-265,2021-01-07,86686-37462-CK,L-L-1,Hamish Skeech,,+353 (677) 415-3920,5662 Messerschmidt Lane,Valleymount,Ireland,A83,Yes,Liberica,Light Roast,3,1.0,15.85,47.55,2.0605,7,Thursday,1,2021
ZYU-11345-774,2021-01-10,18293-78136-MN,L-M-0.5,Charin Penwarden,cpenwardenit@mlb.com,+353 (765) 345-5590,1 Nobel Terrace,Whitegate,Ireland,D15,No,Liberica,Medium Roast,5,0.5,8.73,43.650000000000006,1.1349,10,Sunday,1,2021
RMA-08327-369,2021-01-11,93809-05424-MG,A-M-0.5,Orbadiah Duny,oduny5r@constantcontact.com,+1 (806) 181-9003,62772 Arkansas Pass,Lubbock,United States,79491,Yes,Arabica,Medium Roast,6,0.5,6.75,40.5,0.6074999999999999,11,Monday,1,2021
ENQ-42923-176,2021-01-11,56248-75861-JX,A-L-0.5,Leontine Rubrow,lrubrow4h@microsoft.com,+1 (202) 503-9022,352 Jana Center,Washington,United States,20520,No,Arabica,Light Roast,3,0.5,7.77,23.31,0.6992999999999999,11,Monday,1,2021
SVU-27222-213,2021-01-11,60748-46813-DZ,L-L-0.2,Sim Pamphilon,spamphilonci@mlb.com,+353 (456) 630-8490,36194 Susan Street,Ballylinan,Ireland,P56,No,Liberica,Light Roast,5,0.2,4.755,23.775,0.61815,11,Monday,1,2021
EHJ-82097-549,2021-01-13,27517-43747-YD,R-D-0.2,Melodie OIlier,moilierkt@paginegialle.it,+353 (675) 503-7567,146 Waxwing Point,Glasnevin,Ireland,D11,Yes,Robusta,Dark Roast,2,0.2,2.6849999999999996,5.369999999999999,0.16109999999999997,13,Wednesday,1,2021
PJC-31401-893,2021-01-13,11212-69985-ZJ,A-D-0.5,Rafaela Treacher,rtreachero2@usa.gov,+353 (552) 867-2244,16 Prentice Court,Greystones,Ireland,A63,No,Arabica,Dark Roast,3,0.5,5.97,17.91,0.5373,13,Wednesday,1,2021
NNH-62058-950,2021-01-14,96112-42558-EA,E-L-1,Karlan Karby,kkarby7t@sbwire.com,+1 (303) 516-4935,4 Linden Park,Boulder,United States,80305,Yes,Excelsa,Light Roast,4,1.0,14.85,59.4,1.6335,14,Thursday,1,2021
ZTX-80764-911,2021-01-14,92793-68332-NR,L-D-0.5,Heall Perris,hperrise4@studiopress.com,+353 (954) 293-8675,043 Bashford Point,Ballymahon,Ireland,F52,No,Liberica,Dark Roast,6,0.5,7.77,46.62,1.0101,14,Thursday,1,2021
OOU-61343-455,2021-01-15,90123-70970-NY,A-M-1,Nertie Poolman,npoolman5q@howstuffworks.com,,356 Service Way,Charlotte,United States,28225,No,Arabica,Medium Roast,2,1.0,11.25,22.5,1.0125,15,Friday,1,2021
WSV-49732-075,2021-01-17,76263-95145-GJ,L-D-2.5,Willabella Abramski,,+1 (832) 263-0050,40 Jenifer Alley,Houston,United States,77095,No,Liberica,Dark Roast,1,2.5,29.784999999999997,29.784999999999997,3.8720499999999998,17,Sunday,1,2021
WVV-79948-067,2021-01-18,66070-30559-WI,E-M-2.5,Ramon Cheak,rcheakrc@tripadvisor.com,,23 Paget Point,Bundoran,Ireland,F94,Yes,Excelsa,Medium Roast,1,2.5,31.624999999999996,31.624999999999996,3.47875,18,Monday,1,2021
PBP-87115-410,2021-01-19,93812-74772-MV,E-D-0.5,Reynolds Crookshanks,rcrookshanksk0@unc.edu,+1 (517) 654-6004,52495 Pawling Place,Lansing,United States,48912,Yes,Excelsa,Dark Roast,5,0.5,7.29,36.45,0.8019000000000001,19,Tuesday,1,2021
RYY-38961-093,2021-01-21,14756-18321-CL,A-M-0.2,Linn Alaway,lalawayhh@weather.com,,5602 Florence Avenue,Fort Lauderdale,United States,33345,No,Arabica,Medium Roast,6,0.2,3.375,20.25,0.30374999999999996,21,Thursday,1,2021
EZL-27919-704,2021-01-21,49480-85909-DG,L-L-0.5,Gabey Cogan,,+1 (757) 101-9459,05001 Continental Crossing,Hampton,United States,23663,No,Liberica,Light Roast,5,0.5,9.51,47.55,1.2363,21,Thursday,1,2021
UQU-65630-479,2021-01-22,37651-47492-NC,R-M-2.5,Annabel Antuk,aantukm@kickstarter.com,+1 (941) 740-6268,77965 Lawn Park,Punta Gorda,United States,33982,Yes,Robusta,Medium Roast,4,2.5,22.884999999999998,91.53999999999999,1.3730999999999998,22,Friday,1,2021
EBA-82404-343,2021-01-26,20236-42322-CM,L-D-0.2,Leta Clarricoates,,+1 (302) 620-1205,12504 Westport Hill,Wilmington,United States,19805,Yes,Liberica,Dark Roast,4,0.2,3.885,15.54,0.50505,26,Tuesday,1,2021
SXW-34014-556,2021-01-27,99144-98314-GN,R-L-0.2,Drake Jevon,djevonp1@ibm.com,+1 (832) 733-7027,27430 Fairfield Parkway,Houston,United States,77070,Yes,Robusta,Light Roast,1,0.2,3.5849999999999995,3.5849999999999995,0.21509999999999996,27,Wednesday,1,2021
PVU-02950-470,2021-01-28,01927-46702-YT,E-D-1,Nelie Garnson,,+44 (141) 640-7113,821 Annamark Park,Merton,United Kingdom,SW19,No,Excelsa,Dark Roast,1,1.0,12.15,12.15,1.3365,28,Thursday,1,2021
ACY-56225-839,2021-01-28,47386-50743-FG,A-M-2.5,Kynthia Berick,,+1 (562) 331-4713,1678 Armistice Alley,San Francisco,United States,94110,Yes,Arabica,Medium Roast,3,2.5,25.874999999999996,77.62499999999999,2.3287499999999994,28,Thursday,1,2021
CUN-90044-279,2021-01-29,86646-65810-TD,L-D-0.2,Kenton Wetherick,,+1 (859) 628-7241,6976 Knutson Lane,Lexington,United States,40515,Yes,Liberica,Dark Roast,4,0.2,3.885,15.54,0.50505,29,Friday,1,2021
SEC-91807-425,2021-01-31,94091-86957-HX,A-M-1,Jimmy Dymoke,jdymokeje@prnewswire.com,+353 (390) 459-9269,8424 Milwaukee Court,Beaumont,Ireland,D17,No,Arabica,Medium Roast,2,1.0,11.25,22.5,1.0125,31,Sunday,1,2021
CRK-07584-240,2021-01-31,18741-72071-PP,A-M-1,Ermin Beeble,ebeeble8j@soundcloud.com,+1 (513) 141-9892,14777 Leroy Avenue,Cincinnati,United States,45254,Yes,Arabica,Medium Roast,3,1.0,11.25,33.75,1.0125,31,Sunday,1,2021
JGZ-16947-591,2021-02-02,14264-41252-SL,L-L-0.2,Willy Pummery,wpummeryq3@topsy.com,+1 (231) 416-9594,9795 Acker Plaza,Muskegon,United States,49444,No,Liberica,Light Roast,6,0.2,4.755,28.53,0.61815,2,Tuesday,2,2021
ADX-50674-975,2021-02-03,58916-61837-QH,A-M-2.5,Freda Hollows,fhollowsc8@blogtalkradio.com,+1 (716) 632-6865,353 Portage Center,Buffalo,United States,14205,Yes,Arabica,Medium Roast,4,2.5,25.874999999999996,103.49999999999999,2.3287499999999994,3,Wednesday,2,2021
OYU-25085-528,2021-02-05,10142-55267-YO,E-L-0.2,Wilek Lightollers,wlightollersf9@baidu.com,+1 (646) 793-8756,8 Sunnyside Lane,New York City,United States,10060,Yes,Excelsa,Light Roast,4,0.2,4.455,17.82,0.49005,5,Friday,2,2021
ZFS-30776-804,2021-02-05,58638-01029-CB,A-L-0.5,Blancha McAmish,bmcamish2e@tripadvisor.com,,5484 Stephen Court,Oklahoma City,United States,73179,Yes,Arabica,Light Roast,5,0.5,7.77,38.849999999999994,0.6992999999999999,5,Friday,2,2021
QUQ-90580-772,2021-02-06,77634-13918-GJ,L-M-0.2,Zorina Ponting,zponting10@altervista.org,+1 (501) 172-1476,7118 Holmberg Court,Little Rock,United States,72204,No,Liberica,Medium Roast,2,0.2,4.365,8.73,0.56745,6,Saturday,2,2021
JEG-93140-224,2021-02-07,53751-57560-CN,E-M-0.5,Christopher Grieveson,,+1 (208) 826-3825,91 Old Gate Road,Portland,United States,97211,Yes,Excelsa,Medium Roast,5,0.5,8.25,41.25,0.9075,7,Sunday,2,2021
EHJ-05910-257,2021-02-07,06812-11924-IK,R-D-1,Mina Elstone,,+1 (262) 320-1474,6 Manley Plaza,Racine,United States,53405,Yes,Robusta,Dark Roast,6,1.0,8.95,53.699999999999996,0.5369999999999999,7,Sunday,2,2021
HBH-64794-080,2021-02-08,40560-18556-YE,R-D-0.2,Chaddie Bennie,,+1 (915) 204-2588,935 Lawn Circle,El Paso,United States,79934,Yes,Robusta,Dark Roast,3,0.2,2.6849999999999996,8.055,0.16109999999999997,8,Monday,2,2021
PPP-78935-365,2021-02-11,91074-60023-IP,E-D-1,Abraham Coleman,,+1 (808) 815-5051,40 Packers Alley,Honolulu,United States,96805,No,Excelsa,Dark Roast,4,1.0,12.15,48.6,1.3365,11,Thursday,2,2021
COV-52659-202,2021-02-12,99899-54612-NX,L-M-2.5,Reggie Thickpenny,rthickpennyfz@cafepress.com,+1 (213) 234-9242,791 School Center,Los Angeles,United States,90035,No,Liberica,Medium Roast,2,2.5,33.464999999999996,66.92999999999999,4.3504499999999995,12,Friday,2,2021
UMB-11223-710,2021-02-13,49012-12987-QT,R-D-0.2,Man Fright,mfrightm8@harvard.edu,+353 (955) 108-0675,27242 Fordem Crossing,Daingean,Ireland,E91,No,Robusta,Dark Roast,6,0.2,2.6849999999999996,16.11,0.16109999999999997,13,Saturday,2,2021
YOG-94666-679,2021-02-14,86991-53901-AT,L-D-0.2,Kathleen Diable,,,81 Arapahoe Circle,Kinloch,United Kingdom,PH43,Yes,Liberica,Dark Roast,2,0.2,3.885,7.77,0.50505,14,Sunday,2,2021
XBV-40336-071,2021-02-17,38536-98293-JZ,A-D-0.2,Catharine Scoines,,+353 (693) 290-4775,39192 Glendale Hill,Watergrasshill,Ireland,T56,No,Arabica,Dark Roast,3,0.2,2.985,8.955,0.26865,17,Wednesday,2,2021
TPA-93614-840,2021-02-18,28932-49296-TM,E-D-0.5,Sloan Diviny,sdivinyau@ask.com,,3904 Birchwood Terrace,Saint Paul,United States,55123,Yes,Excelsa,Dark Roast,2,0.5,7.29,14.58,0.8019000000000001,18,Thursday,2,2021
DWY-56352-412,2021-02-19,55427-08059-DF,R-D-0.2,Zeke Walisiak,zwalisiakqv@ucsd.edu,+353 (848) 172-8155,7 Birchwood Street,Booterstown,Ireland,D04,Yes,Robusta,Dark Roast,1,0.2,2.6849999999999996,2.6849999999999996,0.16109999999999997,19,Friday,2,2021
SGA-30059-217,2021-02-20,84405-83364-DG,A-D-0.5,Lorianne Kyneton,lkynetonrf@macromedia.com,+44 (618) 634-9365,1926 3rd Center,Seaton,United Kingdom,LE15,Yes,Arabica,Dark Roast,5,0.5,5.97,29.849999999999998,0.5373,20,Saturday,2,2021
VID-40587-569,2021-02-20,09818-59895-EH,E-D-2.5,Stanly Keets,skeetsde@answers.com,+1 (703) 230-2979,2500 Crest Line Plaza,Alexandria,United States,22309,Yes,Excelsa,Dark Roast,5,2.5,27.945,139.725,3.07395,20,Saturday,2,2021
WUG-76466-650,2021-02-22,43439-94003-DW,L-D-0.5,Flynn Antony,,+1 (205) 680-5859,5678 Doe Crossing Junction,Birmingham,United States,35244,No,Liberica,Dark Roast,3,0.5,7.77,23.31,1.0101,22,Monday,2,2021
FZQ-29439-457,2021-02-23,50449-80974-BZ,E-L-0.2,Theo Bowne,tbownecb@unicef.org,+353 (540) 432-8009,79 Prairieview Point,Watergrasshill,Ireland,T56,Yes,Excelsa,Light Roast,5,0.2,4.455,22.275,0.49005,23,Tuesday,2,2021
WYM-17686-694,2021-02-25,58689-55264-VK,A-D-2.5,Correy Cottingham,ccottingham1o@wikipedia.org,+1 (260) 764-1820,394 Logan Road,Fort Wayne,United States,46862,No,Arabica,Dark Roast,5,2.5,22.884999999999998,114.42499999999998,2.0596499999999995,25,Thursday,2,2021
MVO-39328-830,2021-02-26,84057-45461-AH,L-M-0.5,Orazio Comber,ocomberob@goo.gl,+353 (947) 836-2302,725 Autumn Leaf Place,Confey,Ireland,A86,No,Liberica,Medium Roast,5,0.5,8.73,43.650000000000006,1.1349,26,Friday,2,2021
MVO-39328-830,2021-02-26,84057-45461-AH,A-L-0.5,Orazio Comber,ocomberob@goo.gl,+353 (947) 836-2302,725 Autumn Leaf Place,Confey,Ireland,A86,No,Arabica,Light Roast,6,0.5,7.77,46.62,0.6992999999999999,26,Friday,2,2021
DNZ-11665-950,2021-02-28,10637-45522-ID,L-L-2.5,Erny Stenyng,,+1 (217) 450-8384,8 Pond Parkway,Springfield,United States,62723,No,Liberica,Light Roast,2,2.5,36.455,72.91,4.7391499999999995,28,Sunday,2,2021
DWW-28642-549,2021-03-01,91181-19412-RQ,E-D-0.2,Emmaline Rasmus,erasmus9f@techcrunch.com,+1 (617) 830-9474,045 Jackson Junction,Boston,United States,2216,Yes,Excelsa,Dark Roast,2,0.2,3.645,7.29,0.40095000000000003,1,Monday,3,2021
TCR-01064-030,2021-03-03,13181-04387-LI,E-M-1,Sigfrid Busch,sbuschff@so-net.ne.jp,+353 (953) 333-8754,6666 Express Pass,Bantry,Ireland,P75,No,Excelsa,Medium Roast,6,1.0,13.75,82.5,1.5125,3,Wednesday,3,2021
NOK-50349-551,2021-03-03,09595-95726-OV,R-D-0.5,Eddi Sedgebeer,esedgebeer89@oaic.gov.au,+1 (305) 898-4252,9715 Shopko Hill,Miami Beach,United States,33141,Yes,Robusta,Dark Roast,3,0.5,5.369999999999999,16.11,0.32219999999999993,3,Wednesday,3,2021
BLD-12227-251,2021-03-04,64395-74865-WF,A-M-0.5,Ilysa Whapple,iwhapple2p@com.com,+1 (559) 522-1152,41598 Everett Drive,Fresno,United States,93726,No,Arabica,Medium Roast,2,0.5,6.75,13.5,0.6074999999999999,4,Thursday,3,2021
AVK-76526-953,2021-03-04,47268-50127-XY,A-D-1,Lynnea Danton,ldantonnp@miitbeian.gov.cn,,111 Mosinee Alley,El Paso,United States,88546,No,Arabica,Dark Roast,2,1.0,9.95,19.9,0.8954999999999999,4,Thursday,3,2021
UOJ-28238-299,2021-03-07,30844-91890-ZA,R-L-0.2,Rickey Readie,rreadieg8@guardian.co.uk,+1 (775) 993-8273,8 Everett Court,Carson City,United States,89706,No,Robusta,Light Roast,6,0.2,3.5849999999999995,21.509999999999998,0.21509999999999996,7,Sunday,3,2021
WMA-34232-850,2021-03-08,53386-94266-LJ,L-D-2.5,Terri Lyford,,+1 (610) 942-2790,00 Buell Avenue,Allentown,United States,18105,Yes,Liberica,Dark Roast,4,2.5,29.784999999999997,119.13999999999999,3.8720499999999998,8,Monday,3,2021
BKK-47233-845,2021-03-08,76239-90137-UQ,A-D-1,Ferrell Ferber,fferbera@businesswire.com,+1 (408) 383-5302,68 High Crossing Court,San Jose,United States,95160,No,Arabica,Dark Roast,4,1.0,9.95,39.8,0.8954999999999999,8,Monday,3,2021
VCE-56531-986,2021-03-09,57192-13428-PL,R-M-0.5,Rikki Tomkowicz,rtomkowiczk7@bravesites.com,+353 (849) 645-1593,76 Larry Junction,Lusk,Ireland,K45,Yes,Robusta,Medium Roast,5,0.5,5.97,29.849999999999998,0.35819999999999996,9,Tuesday,3,2021
MSB-08397-648,2021-03-10,49530-25460-RW,R-L-0.2,Carmina Hubbuck,,+1 (304) 532-7229,39749 Bobwhite Plaza,Huntington,United States,25705,No,Robusta,Light Roast,4,0.2,3.5849999999999995,14.339999999999998,0.21509999999999996,10,Wednesday,3,2021
WXG-25759-236,2021-03-10,39919-06540-ZI,E-L-2.5,Winn Keyse,wkeyse40@apple.com,+1 (650) 947-8867,02688 Duke Park,Orange,United States,92668,Yes,Excelsa,Light Roast,2,2.5,34.154999999999994,68.30999999999999,3.7570499999999996,10,Wednesday,3,2021
DSL-69915-544,2021-03-10,10142-55267-YO,R-L-0.2,Wilek Lightollers,wlightollersf9@baidu.com,+1 (646) 793-8756,8 Sunnyside Lane,New York City,United States,10060,Yes,Robusta,Light Roast,3,0.2,3.5849999999999995,10.754999999999999,0.21509999999999996,10,Wednesday,3,2021
UEA-72681-629,2021-03-12,24972-55878-KX,A-L-2.5,Foster Constance,fconstancekz@ifeng.com,+1 (214) 388-6754,2236 Mitchell Trail,Dallas,United States,75287,No,Arabica,Light Roast,3,2.5,29.784999999999997,89.35499999999999,2.6806499999999995,12,Friday,3,2021
NQS-01613-687,2021-03-12,10204-31464-SA,L-D-0.5,Bar O' Mahony,bogb@elpais.com,,478 Harper Junction,Huntsville,United States,35895,Yes,Liberica,Dark Roast,1,0.5,7.77,7.77,1.0101,12,Friday,3,2021
GOW-03198-575,2021-03-13,61513-27752-FA,A-D-0.5,Mahala Ludwell,mludwell3e@blogger.com,+1 (303) 242-3542,6 Bay Center,Denver,United States,80217,Yes,Arabica,Dark Roast,4,0.5,5.97,23.88,0.5373,13,Saturday,3,2021
SRG-76791-614,2021-03-15,11729-74102-XB,E-L-0.5,Konstantine Thoumasson,kthoumassonn7@bloglovin.com,,342 North Lane,Tucson,United States,85732,Yes,Excelsa,Light Roast,1,0.5,8.91,8.91,0.9801,15,Monday,3,2021
EIL-44855-309,2021-03-15,59741-90220-OW,R-D-0.5,Sherman Mewrcik,,+1 (305) 419-8626,44305 Scofield Park,Clearwater,United States,34629,Yes,Robusta,Dark Roast,5,0.5,5.369999999999999,26.849999999999994,0.32219999999999993,15,Monday,3,2021
KRB-88066-642,2021-03-16,22107-86640-SB,L-M-1,Archambault Gillard,agillard1i@issuu.com,+1 (419) 663-2236,97490 Susan Avenue,Toledo,United States,43666,No,Liberica,Medium Roast,5,1.0,14.55,72.75,1.8915000000000002,16,Tuesday,3,2021
NGG-24006-937,2021-03-16,29102-40100-TZ,E-M-2.5,Linus Flippelli,lflippellih4@github.io,+44 (200) 860-6521,3657 International Terrace,Middleton,United Kingdom,LE16,No,Excelsa,Medium Roast,4,2.5,31.624999999999996,126.49999999999999,3.47875,16,Tuesday,3,2021
FEK-14025-351,2021-03-19,03990-21586-MQ,E-L-0.2,Gardy Dimitriou,gdimitrioud8@chronoengine.com,+1 (585) 303-7337,0 Gale Pass,Rochester,United States,14683,Yes,Excelsa,Light Roast,6,0.2,4.455,26.73,0.49005,19,Friday,3,2021
IKQ-39946-768,2021-03-19,72778-50968-UQ,R-M-1,Isac Jesper,ijespern4@theglobeandmail.com,+1 (239) 918-0943,810 Sage Court,Naples,United States,34114,No,Robusta,Medium Roast,6,1.0,9.95,59.699999999999996,0.597,19,Friday,3,2021
WAV-38301-984,2021-03-20,62863-81239-DT,A-D-0.5,Cassie Pinkerton,cpinkerton85@upenn.edu,+1 (202) 727-7464,5205 Graceland Point,Alexandria,United States,22309,No,Arabica,Dark Roast,5,0.5,5.97,29.849999999999998,0.5373,20,Saturday,3,2021
KPO-24942-184,2021-03-21,70567-65133-CN,L-L-2.5,Desdemona Eye,,+353 (252) 896-2096,191 Manitowish Crossing,Bagenalstown,Ireland,R21,No,Liberica,Light Roast,3,2.5,36.455,109.365,4.7391499999999995,21,Sunday,3,2021
ZFR-79447-696,2021-03-22,77828-66867-KH,R-M-0.5,Hazel Iacopini,,+1 (682) 246-6139,7594 Hollow Ridge Road,Fort Worth,United States,76178,Yes,Robusta,Medium Roast,1,0.5,5.97,5.97,0.35819999999999996,22,Monday,3,2021
JVW-22582-137,2021-03-23,89208-74646-UK,E-M-0.2,Beryle Kenwell,bkenwell6h@over-blog.com,+1 (808) 836-6023,62 Dayton Drive,Honolulu,United States,96825,No,Excelsa,Medium Roast,5,0.2,4.125,20.625,0.45375,23,Tuesday,3,2021
LYP-52345-883,2021-03-24,17649-28133-PY,E-M-0.5,Mathew Goulter,,+353 (968) 887-1849,3 Sunfield Terrace,Kinlough,Ireland,F94,Yes,Excelsa,Medium Roast,1,0.5,8.25,8.25,0.9075,24,Wednesday,3,2021
CPW-34587-459,2021-03-26,84641-67384-TD,A-L-2.5,Milty Middis,mmiddisiu@dmoz.org,+1 (316) 736-9645,8 Schiller Point,Wichita,United States,67260,Yes,Arabica,Light Roast,6,2.5,29.784999999999997,178.70999999999998,2.6806499999999995,26,Friday,3,2021
CCZ-19589-212,2021-03-27,05754-41702-FG,L-M-0.2,Kristos Streight,kstreight6d@about.com,+1 (570) 873-3891,5 Anderson Court,Wilkes Barre,United States,18706,No,Liberica,Medium Roast,2,0.2,4.365,8.73,0.56745,27,Saturday,3,2021
RZN-65182-395,2021-03-27,59572-41990-XY,L-M-1,Kaja Loxton,kloxtona3@opensource.org,,8477 East Trail,Miami,United States,33233,No,Liberica,Medium Roast,6,1.0,14.55,87.30000000000001,1.8915000000000002,27,Saturday,3,2021
AXR-10962-010,2021-03-28,53683-35977-KI,E-D-1,Myles Seawright,mseawright7e@nbcnews.com,+44 (638) 528-2467,5021 Summit Drive,Newton,United Kingdom,NG34,No,Excelsa,Dark Roast,2,1.0,12.15,24.3,1.3365,28,Sunday,3,2021
MPQ-23421-608,2021-03-28,08023-52962-ET,E-M-0.5,Kandy Heddan,kheddanmy@icq.com,+1 (850) 796-6812,6234 Heath Court,Pensacola,United States,32575,Yes,Excelsa,Medium Roast,5,0.5,8.25,41.25,0.9075,28,Sunday,3,2021
PRP-53390-819,2021-03-28,84260-39432-ML,E-L-0.5,Minette Whellans,mwhellans5v@mapquest.com,,3 High Crossing Way,New York City,United States,10105,No,Excelsa,Light Roast,6,0.5,8.91,53.46,0.9801,28,Sunday,3,2021
UCT-03935-589,2021-03-29,85851-78384-DM,R-D-0.5,Anny Mundford,amundford52@nbcnews.com,+1 (434) 738-7279,5097 Mitchell Plaza,Charlottesville,United States,22908,No,Robusta,Dark Roast,6,0.5,5.369999999999999,32.22,0.32219999999999993,29,Monday,3,2021
IHN-19982-362,2021-03-29,68894-91205-MP,R-L-1,Elna Grise,egrise2g@cargocollective.com,,92 Becker Circle,Reno,United States,89519,No,Robusta,Light Roast,3,1.0,11.95,35.849999999999994,0.717,29,Monday,3,2021
OCK-89033-348,2021-03-31,82300-88786-UE,A-L-0.2,Bobbe Castagneto,,+1 (406) 972-9050,5 Moose Terrace,Billings,United States,59112,Yes,Arabica,Light Roast,6,0.2,3.885,23.31,0.34964999999999996,31,Wednesday,3,2021
CLJ-23403-689,2021-04-03,19413-02045-CG,R-L-1,Jammie Cloke,,+44 (540) 353-5754,844 Lawn Drive,Newton,United Kingdom,NG34,No,Robusta,Light Roast,2,1.0,11.95,23.9,0.717,3,Saturday,4,2021
ZDK-82166-357,2021-04-03,81431-12577-VD,A-M-1,Beitris Keaveney,bkeaveney2f@netlog.com,,67319 Redwing Parkway,Beaumont,United States,77705,No,Arabica,Medium Roast,3,1.0,11.25,33.75,1.0125,3,Saturday,4,2021
YUO-76652-814,2021-04-04,26248-84194-FI,A-D-0.2,Phyllys Ormerod,pormerodg0@redcross.org,+1 (919) 491-2772,04 Arrowood Court,Durham,United States,27705,No,Arabica,Dark Roast,6,0.2,2.985,17.91,0.26865,4,Sunday,4,2021
FJQ-60035-234,2021-04-05,08847-29858-HN,A-L-0.2,Rudiger Di Bartolomeo,,+1 (209) 148-6668,7700 Melby Park,Stockton,United States,95205,Yes,Arabica,Light Roast,2,0.2,3.885,7.77,0.34964999999999996,5,Monday,4,2021
DCE-22886-861,2021-04-05,56060-17602-RG,E-D-0.2,Harland Trematick,,,1235 Shopko Point,Monasterevin,Ireland,W34,Yes,Excelsa,Dark Roast,1,0.2,3.645,3.645,0.40095000000000003,5,Monday,4,2021
SZR-35951-530,2021-04-05,14121-20527-OJ,E-D-2.5,Witty Ranson,wransonbz@ted.com,+353 (376) 165-2897,012 Debra Center,Kildare,Ireland,R51,Yes,Excelsa,Dark Roast,3,2.5,27.945,83.83500000000001,3.07395,5,Monday,4,2021
SZY-63017-318,2021-04-06,91809-58808-TV,A-L-0.2,Blake Kelloway,bkellowayoo@omniture.com,+1 (415) 757-3377,7351 Sloan Pass,San Francisco,United States,94110,Yes,Arabica,Light Roast,2,0.2,3.885,7.77,0.34964999999999996,6,Tuesday,4,2021
FTV-77095-168,2021-04-08,66708-26678-QK,L-L-0.5,Adriana Lazarus,,+1 (801) 581-0444,9429 Porter Circle,Ogden,United States,84409,No,Liberica,Light Roast,6,0.5,9.51,57.06,1.2363,8,Thursday,4,2021
WJJ-37489-898,2021-04-08,31599-82152-AD,A-M-1,Rickie Faltin,rfaltinqb@topsy.com,,2 Laurel Drive,Portumna,Ireland,V31,No,Arabica,Medium Roast,1,1.0,11.25,11.25,1.0125,8,Thursday,4,2021
DWB-61381-370,2021-04-09,11812-00461-KH,L-L-0.2,Benedetto Gozzett,bgozzettb7@github.com,+1 (214) 700-0229,0389 Hintze Pass,Dallas,United States,75372,No,Liberica,Light Roast,2,0.2,4.755,9.51,0.61815,9,Friday,4,2021
ZWK-03995-815,2021-04-10,28279-78469-YW,E-M-2.5,Ethelda Hobbing,ehobbing4v@nsw.gov.au,+1 (478) 206-7670,1 Debs Place,Macon,United States,31205,Yes,Excelsa,Medium Roast,2,2.5,31.624999999999996,63.24999999999999,3.47875,10,Saturday,4,2021
PTY-86420-119,2021-04-12,25504-41681-WA,A-D-0.5,Orland Tadman,otadmanjf@ft.com,+1 (305) 205-3682,94 John Wall Terrace,Miami,United States,33196,Yes,Arabica,Dark Roast,4,0.5,5.97,23.88,0.5373,12,Monday,4,2021
EYH-88288-452,2021-04-14,03010-30348-UA,L-L-2.5,Davida Caro,dcarojb@twitter.com,+1 (410) 594-3041,476 Hoepker Place,Baltimore,United States,21290,Yes,Liberica,Light Roast,5,2.5,36.455,182.27499999999998,4.7391499999999995,14,Wednesday,4,2021
KMB-95211-174,2021-04-16,23941-30203-MO,R-D-2.5,Lenette Dwerryhouse,ldwerryhousen5@gravatar.com,+1 (682) 812-1698,2 Wayridge Court,Fort Worth,United States,76105,Yes,Robusta,Dark Roast,4,2.5,20.584999999999997,82.33999999999999,1.2350999999999999,16,Friday,4,2021
LUO-37559-016,2021-04-19,21240-83132-SP,L-M-1,Jessica McNess,,+1 (504) 545-1478,664 Erie Place,New Orleans,United States,70116,No,Liberica,Medium Roast,3,1.0,14.55,43.650000000000006,1.8915000000000002,19,Monday,4,2021
TBU-64277-625,2021-04-19,98918-34330-GY,E-M-1,Beryl Osborn,,+1 (312) 648-4940,71 Donald Trail,Chicago,United States,60686,Yes,Excelsa,Medium Roast,6,1.0,13.75,82.5,1.5125,19,Monday,4,2021
RJI-71409-490,2021-04-26,31613-41626-KX,L-M-0.5,Chris Croster,ccrosterlr@gov.uk,+1 (813) 621-3097,9 Brickson Park Street,Tampa,United States,33673,Yes,Liberica,Medium Roast,5,0.5,8.73,43.650000000000006,1.1349,26,Monday,4,2021
USA-42811-560,2021-04-26,49671-11547-WG,E-L-0.2,Jacquelyn Maha,jmahakc@cyberchimps.com,+1 (702) 238-8287,604 Hintze Place,Reno,United States,89550,No,Excelsa,Light Roast,2,0.2,4.455,8.91,0.49005,26,Monday,4,2021
TME-59627-221,2021-04-30,72282-40594-RX,L-L-2.5,Alexa Sizey,,+1 (503) 774-7836,198 Lighthouse Bay Avenue,Portland,United States,97296,No,Liberica,Light Roast,6,2.5,36.455,218.73,4.7391499999999995,30,Friday,4,2021
LBC-45686-819,2021-05-01,98573-41811-EQ,A-M-1,Rem Furman,rfurman62@t.co,+353 (829) 808-4788,91239 Ilene Hill,Kinsale,Ireland,P17,Yes,Arabica,Medium Roast,5,1.0,11.25,56.25,1.0125,1,Saturday,5,2021
RNH-54912-747,2021-05-01,37445-17791-NQ,R-M-0.5,Natka Leethem,nleethem8o@mac.com,+1 (318) 839-1492,12 Stone Corner Avenue,Alexandria,United States,71307,Yes,Robusta,Medium Roast,1,0.5,5.97,5.97,0.35819999999999996,1,Saturday,5,2021
XRR-28376-277,2021-05-02,64481-42546-II,R-L-2.5,Elvina Angel,,+353 (921) 742-1111,4 Hanson Parkway,Tralee,Ireland,V92,No,Robusta,Light Roast,6,2.5,27.484999999999996,164.90999999999997,1.6490999999999998,2,Sunday,5,2021
LGL-16843-667,2021-05-05,82458-87830-JE,A-D-0.2,Alisha Hulburt,ahulburtgn@fda.gov,,7997 Artisan Crossing,Shreveport,United States,71137,Yes,Arabica,Dark Roast,4,0.2,2.985,11.94,0.26865,5,Wednesday,5,2021
LCY-24377-948,2021-05-07,21617-79890-DD,R-L-2.5,Izaak Primak,,+1 (206) 705-3979,55 Buhler Pass,Seattle,United States,98195,Yes,Robusta,Light Roast,1,2.5,27.484999999999996,27.484999999999996,1.6490999999999998,7,Friday,5,2021
IHS-71573-008,2021-05-08,07972-83134-NM,E-D-0.2,Silvana Northeast,snortheast7f@mashable.com,+1 (775) 344-1930,4306 Northfield Place,Sparks,United States,89436,Yes,Excelsa,Dark Roast,6,0.2,3.645,21.87,0.40095000000000003,8,Saturday,5,2021
XMC-20620-809,2021-05-14,83543-79246-ON,E-M-0.5,Nannie Naseby,nnasebyes@umich.edu,+1 (407) 225-7234,84666 Melvin Street,Winter Haven,United States,33884,Yes,Excelsa,Medium Roast,2,0.5,8.25,16.5,0.9075,14,Friday,5,2021
TXH-78646-919,2021-05-14,98430-37820-UV,R-D-0.2,Deonne Shortall,dshortallj2@wikipedia.org,+1 (714) 917-8665,0 Kropf Lane,Santa Ana,United States,92725,Yes,Robusta,Dark Roast,3,0.2,2.6849999999999996,8.055,0.16109999999999997,14,Friday,5,2021
IGW-04801-466,2021-05-15,29051-27555-GD,L-D-0.2,Jeno Capey,jcapeyhr@bravesites.com,+1 (814) 974-7878,9 Evergreen Circle,Erie,United States,16534,Yes,Liberica,Dark Roast,1,0.2,3.885,3.885,0.50505,15,Saturday,5,2021
LXS-63326-144,2021-05-16,35367-50483-AR,R-L-0.5,Geoffrey Siuda,gsiudaq4@nytimes.com,+1 (202) 315-8135,64284 Pearson Parkway,Washington,United States,20380,Yes,Robusta,Light Roast,2,0.5,7.169999999999999,14.339999999999998,0.4301999999999999,16,Sunday,5,2021
UDH-24280-432,2021-05-16,44865-58249-RY,L-L-1,Neely Broadberrie,nbroadberrieb4@gnu.org,+1 (202) 327-2217,8571 Buena Vista Junction,Washington,United States,20057,No,Liberica,Light Roast,4,1.0,15.85,63.4,2.0605,16,Sunday,5,2021
WBK-62297-910,2021-05-17,25514-23938-IQ,A-D-0.2,Monica Fearon,mfearon7h@reverbnation.com,+1 (972) 686-6332,41524 Mandrake Center,Denton,United States,76210,No,Arabica,Dark Roast,2,0.2,2.985,5.97,0.26865,17,Monday,5,2021
MDG-14481-513,2021-05-19,64897-79178-MH,A-M-2.5,Zack Pellett,zpellettf2@dailymotion.com,+1 (318) 218-5955,0 Lukken Court,Shreveport,United States,71115,No,Arabica,Medium Roast,4,2.5,25.874999999999996,103.49999999999999,2.3287499999999994,19,Wednesday,5,2021
NID-20149-329,2021-05-20,49888-39458-PF,R-D-0.2,Antone Harrold,aharroldch@miibeian.gov.cn,+1 (419) 153-2104,90 Kensington Road,Toledo,United States,43610,No,Robusta,Dark Roast,2,0.2,2.6849999999999996,5.369999999999999,0.16109999999999997,20,Thursday,5,2021
PSS-22466-862,2021-05-21,11550-78378-GE,R-L-0.2,Elsbeth Westerman,ewesterman69@si.edu,+353 (343) 455-4020,7 Packers Court,Newmarket on Fergus,Ireland,P17,No,Robusta,Light Roast,4,0.2,3.5849999999999995,14.339999999999998,0.21509999999999996,21,Friday,5,2021
NOP-21394-646,2021-05-23,16982-35708-BZ,E-L-0.5,Nealson Cuttler,ncuttler5g@parallels.com,,1 Melvin Circle,Washington,United States,20535,No,Excelsa,Light Roast,6,0.5,8.91,53.46,0.9801,23,Sunday,5,2021
NOP-21394-646,2021-05-23,16982-35708-BZ,L-D-2.5,Nealson Cuttler,ncuttler5g@parallels.com,,1 Melvin Circle,Washington,United States,20535,No,Liberica,Dark Roast,3,2.5,29.784999999999997,89.35499999999999,3.8720499999999998,23,Sunday,5,2021
NOP-21394-646,2021-05-23,16982-35708-BZ,L-L-0.5,Nealson Cuttler,ncuttler5g@parallels.com,,1 Melvin Circle,Washington,United States,20535,No,Liberica,Light Roast,4,0.5,9.51,38.04,1.2363,23,Sunday,5,2021
NOP-21394-646,2021-05-23,16982-35708-BZ,E-M-1,Nealson Cuttler,ncuttler5g@parallels.com,,1 Melvin Circle,Washington,United States,20535,No,Excelsa,Medium Roast,3,1.0,13.75,41.25,1.5125,23,Sunday,5,2021
NOP-21394-646,2021-05-23,16982-35708-BZ,L-D-2.5,Nealson Cuttler,ncuttler5g@parallels.com,,1 Melvin Circle,Washington,United States,20535,No,Liberica,Dark Roast,2,2.5,29.784999999999997,59.56999999999999,3.8720499999999998,23,Sunday,5,2021
GHR-72274-715,2021-05-24,86881-41559-OR,L-D-1,Othello Syseland,osyseland3p@independent.co.uk,+1 (714) 895-0210,957 Sachtjen Road,Santa Ana,United States,92725,No,Liberica,Dark Roast,1,1.0,12.95,12.95,1.6835,24,Monday,5,2021
IOB-32673-745,2021-05-28,07095-81281-NJ,A-L-0.5,Rebeka Worg,rworg9m@arstechnica.com,+1 (214) 985-2470,8753 Texas Court,Dallas,United States,75372,Yes,Arabica,Light Roast,3,0.5,7.77,23.31,0.6992999999999999,28,Friday,5,2021
QVL-32245-818,2021-05-30,46478-42970-EM,A-M-0.5,Dionne Skyner,dskynerj5@hubpages.com,+1 (719) 937-4913,39 Kings Junction,Colorado Springs,United States,80935,No,Arabica,Medium Roast,5,0.5,6.75,33.75,0.6074999999999999,30,Sunday,5,2021
IIZ-24416-212,2021-05-31,76060-30540-LB,R-D-0.5,Baxy Cargen,bcargenow@geocities.jp,+1 (253) 509-6510,58 Carpenter Pass,Seattle,United States,98148,Yes,Robusta,Dark Roast,6,0.5,5.369999999999999,32.22,0.32219999999999993,31,Monday,5,2021
AMM-79521-378,2021-06-01,24825-51803-CQ,A-D-0.5,Faber Eilhart,feilhartz@who.int,+1 (304) 510-6095,6966 Victoria Street,Charleston,United States,25362,No,Arabica,Dark Roast,6,0.5,5.97,35.82,0.5373,1,Tuesday,6,2021
SPA-79365-334,2021-06-01,79857-78167-KO,L-D-1,Darice Heaford,dheafordjy@twitpic.com,+1 (325) 537-8835,43 Grasskamp Junction,San Angelo,United States,76905,No,Liberica,Dark Roast,3,1.0,12.95,38.849999999999994,1.6835,1,Tuesday,6,2021
GYA-80327-368,2021-06-04,06899-54551-EH,A-D-1,Chantal Mersh,cmershdt@drupal.org,+353 (343) 889-4565,52843 Longview Street,Milltown,Ireland,D04,No,Arabica,Dark Roast,4,1.0,9.95,39.8,0.8954999999999999,4,Friday,6,2021
EGK-03027-418,2021-06-06,19820-29285-FD,E-M-0.2,Barrie Fallowes,bfallowesjm@purevolume.com,+1 (805) 975-3527,1768 Hoepker Place,Bakersfield,United States,93305,No,Excelsa,Medium Roast,3,0.2,4.125,12.375,0.45375,6,Sunday,6,2021
DKB-78053-329,2021-06-08,12444-05174-OO,R-M-0.2,Irv Hay,ihay77@lulu.com,+44 (878) 199-6257,667 Florence Drive,Sheffield,United Kingdom,S33,No,Robusta,Medium Roast,2,0.2,2.985,5.97,0.17909999999999998,8,Tuesday,6,2021
ITZ-21793-986,2021-06-11,67388-17544-XX,E-D-0.2,Alon Pllu,aplluju@dagondesign.com,+353 (915) 742-6707,043 American Circle,Navan,Ireland,D11,Yes,Excelsa,Dark Roast,4,0.2,3.645,14.58,0.40095000000000003,11,Friday,6,2021
JXP-28398-485,2021-06-11,23039-93032-FN,A-D-2.5,Marianna Vedmore,mvedmore9v@a8.net,+1 (336) 366-8873,368 Waubesa Way,Greensboro,United States,27415,Yes,Arabica,Dark Roast,5,2.5,22.884999999999998,114.42499999999998,2.0596499999999995,11,Friday,6,2021
BQI-61647-496,2021-06-13,84340-73931-VV,E-M-1,Connor Heaviside,cheaviside6z@rediff.com,+1 (602) 260-2399,941 Graceland Terrace,Phoenix,United States,85099,Yes,Excelsa,Medium Roast,5,1.0,13.75,68.75,1.5125,13,Sunday,6,2021
AOX-44467-109,2021-06-15,72524-06410-KD,A-D-2.5,Haslett Jodrelle,hjodrellelt@samsung.com,+1 (305) 334-0992,9 Macpherson Avenue,Miami,United States,33175,No,Arabica,Dark Roast,1,2.5,22.884999999999998,22.884999999999998,2.0596499999999995,15,Tuesday,6,2021
LEF-83057-763,2021-06-15,15395-90855-VB,L-M-0.2,Alikee Carryer,,+1 (704) 799-5219,247 Helena Drive,Charlotte,United States,28230,Yes,Liberica,Medium Roast,5,0.2,4.365,21.825000000000003,0.56745,15,Tuesday,6,2021
WJR-51493-682,2021-06-17,87858-83734-RK,L-D-2.5,Shermy Moseby,smosebyie@stanford.edu,,463 Mandrake Terrace,Murfreesboro,United States,37131,No,Liberica,Dark Roast,5,2.5,29.784999999999997,148.92499999999998,3.8720499999999998,17,Thursday,6,2021
FAA-43335-268,2021-06-17,21125-22134-PX,A-L-1,Jami Redholes,jredholes2@tmall.com,+1 (210) 986-6806,5214 Bartillon Park,San Antonio,United States,78205,Yes,Arabica,Light Roast,1,1.0,12.95,12.95,1.1655,17,Thursday,6,2021
JLJ-81802-619,2021-06-20,16880-78077-FB,A-L-1,Terri Farra,tfarraac@behance.net,+1 (432) 648-9589,06448 Burrows Terrace,Odessa,United States,79764,No,Arabica,Light Roast,6,1.0,12.95,77.69999999999999,1.1655,20,Sunday,6,2021
YET-17732-678,2021-06-20,57235-92842-DK,R-D-0.2,Hetti Penson,,+1 (754) 664-6126,16 Dottie Point,Fort Lauderdale,United States,33345,No,Robusta,Dark Roast,1,0.2,2.6849999999999996,2.6849999999999996,0.16109999999999997,20,Sunday,6,2021
CNY-06284-066,2021-06-26,63985-64148-MG,E-D-0.2,Donica Bonhome,dbonhome8z@shinystat.com,+1 (865) 238-4985,73509 Victoria Junction,Knoxville,United States,37924,Yes,Excelsa,Dark Roast,5,0.2,3.645,18.225,0.40095000000000003,26,Saturday,6,2021
MEK-39769-035,2021-06-27,15380-76513-PS,R-D-2.5,Paulo Yea,pyea4d@aol.com,+353 (885) 555-9183,9760 Nelson Lane,Ashford,Ireland,H12,No,Robusta,Dark Roast,3,2.5,20.584999999999997,61.754999999999995,1.2350999999999999,27,Sunday,6,2021
HTH-52867-812,2021-06-28,29851-36402-UX,A-M-2.5,Almeria Burgett,aburgetti5@moonfruit.com,+1 (419) 372-4746,50879 Reindahl Road,Toledo,United States,43610,No,Arabica,Medium Roast,4,2.5,25.874999999999996,103.49999999999999,2.3287499999999994,28,Monday,6,2021
EHE-94714-312,2021-06-28,27132-68907-RC,E-L-0.2,Ailey Brash,abrashda@plala.or.jp,+1 (917) 544-7136,64700 Eagan Crossing,Flushing,United States,11388,Yes,Excelsa,Light Roast,5,0.2,4.455,22.275,0.49005,28,Monday,6,2021
EYE-70374-835,2021-06-29,89115-11966-VF,R-L-0.2,Beltran Mathon,bmathon6c@barnesandnoble.com,+1 (916) 915-5069,6131 Huxley Pass,Sacramento,United States,94291,No,Robusta,Light Roast,5,0.2,3.5849999999999995,17.924999999999997,0.21509999999999996,29,Tuesday,6,2021
JEH-37276-048,2021-06-30,80896-38819-DW,A-L-0.5,Jany Rudeforth,jrudeforthai@wunderground.com,+353 (232) 377-5407,614 Commercial Center,Tullyallen,Ireland,E25,Yes,Arabica,Light Roast,3,0.5,7.77,23.31,0.6992999999999999,30,Wednesday,6,2021
OFN-49424-848,2021-07-03,73346-85564-JB,R-L-2.5,Ilaire Sprakes,isprakesf3@spiegel.de,+1 (408) 319-9787,1969 Lakeland Avenue,San Jose,United States,95194,No,Robusta,Light Roast,2,2.5,27.484999999999996,54.96999999999999,1.6490999999999998,3,Saturday,7,2021
SGS-87525-238,2021-07-05,91465-84526-IJ,E-D-1,Russell Donet,rdonetg6@oakley.com,+1 (804) 583-2067,1 Petterle Terrace,Richmond,United States,23237,No,Excelsa,Dark Roast,5,1.0,12.15,60.75,1.3365,5,Monday,7,2021
PKJ-99134-523,2021-07-07,77284-34297-YY,R-L-0.5,Koralle Heads,kheadsca@jalbum.net,+1 (484) 131-2636,2 Cherokee Hill,Bethlehem,United States,18018,No,Robusta,Light Roast,5,0.5,7.169999999999999,35.849999999999994,0.4301999999999999,7,Wednesday,7,2021
NBT-35757-542,2021-07-07,73647-66148-VM,E-L-0.2,Bette-ann Munden,bmundenf8@elpais.com,+1 (405) 290-3207,465 Oxford Street,Oklahoma City,United States,73119,Yes,Excelsa,Light Roast,3,0.2,4.455,13.365,0.49005,7,Wednesday,7,2021
XIR-88982-743,2021-07-10,00852-54571-WP,E-M-0.2,De Drewitt,ddrewittnf@mapquest.com,+1 (571) 504-1175,6 Tomscot Hill,Alexandria,United States,22313,Yes,Excelsa,Medium Roast,2,0.2,4.125,8.25,0.45375,10,Saturday,7,2021
KAC-83089-793,2021-07-15,23806-46781-OU,E-M-1,Christoffer O' Shea,,+353 (698) 362-9201,38980 Manitowish Junction,Cill Airne,Ireland,N41,No,Excelsa,Medium Roast,2,1.0,13.75,27.5,1.5125,15,Thursday,7,2021
KAC-83089-793,2021-07-15,23806-46781-OU,R-L-2.5,Christoffer O' Shea,,+353 (698) 362-9201,38980 Manitowish Junction,Cill Airne,Ireland,N41,No,Robusta,Light Roast,2,2.5,27.484999999999996,54.96999999999999,1.6490999999999998,15,Thursday,7,2021
DGL-29648-995,2021-07-16,59367-30821-ZQ,L-M-0.2,Silvio Iorizzi,,,5 Dwight Plaza,Spartanburg,United States,29305,Yes,Liberica,Medium Roast,2,0.2,4.365,8.73,0.56745,16,Friday,7,2021
SCT-60553-454,2021-07-17,39123-12846-YJ,L-L-0.2,Gallard Gatheral,ggatheralx@123-reg.co.uk,,40 Clemons Place,Grand Forks,United States,58207,No,Liberica,Light Roast,5,0.2,4.755,23.775,0.61815,17,Saturday,7,2021
OPY-30711-853,2021-07-17,81861-66046-SU,A-D-0.2,Ruy Cancellieri,,+353 (338) 743-8327,251 Welch Parkway,Confey,Ireland,A86,No,Arabica,Dark Roast,1,0.2,2.985,2.985,0.26865,17,Saturday,7,2021
FND-99527-640,2021-07-19,89574-96203-EP,E-L-0.5,Rhetta Elnaugh,relnaughlj@comsenz.com,+1 (619) 728-2474,48 Randy Street,San Diego,United States,92191,Yes,Excelsa,Light Roast,2,0.5,8.91,17.82,0.9801,19,Monday,7,2021
RPW-36123-215,2021-07-19,80640-45811-LB,E-L-0.5,Jennifer Rangall,jrangall22@newsvine.com,+1 (781) 512-6637,0 Grasskamp Lane,Springfield,United States,1114,Yes,Excelsa,Light Roast,2,0.5,8.91,17.82,0.9801,19,Monday,7,2021
KHZ-26264-253,2021-07-20,24972-55878-KX,L-L-0.2,Foster Constance,fconstancekz@ifeng.com,+1 (214) 388-6754,2236 Mitchell Trail,Dallas,United States,75287,No,Liberica,Light Roast,6,0.2,4.755,28.53,0.61815,20,Tuesday,7,2021
KUX-19632-830,2021-07-20,55409-07759-YG,E-D-0.2,Chloette Bernardot,cbernardotr9@wix.com,+1 (936) 783-5732,6672 Cordelia Point,Conroe,United States,77305,Yes,Excelsa,Dark Roast,6,0.2,3.645,21.87,0.40095000000000003,20,Tuesday,7,2021
QRA-73277-814,2021-07-20,80310-92912-JA,A-L-0.5,Isa Blazewicz,iblazewicz54@thetimes.co.uk,+1 (612) 683-3450,4646 Graceland Circle,Minneapolis,United States,55448,No,Arabica,Light Roast,4,0.5,7.77,31.08,0.6992999999999999,20,Tuesday,7,2021
VRM-93594-914,2021-07-21,66806-41795-MX,E-D-0.5,Emlynne Laird,elaird5e@bing.com,+1 (330) 112-0053,43451 Doe Crossing Trail,Warren,United States,44485,No,Excelsa,Dark Roast,5,0.5,7.29,36.45,0.8019000000000001,21,Wednesday,7,2021
JBW-95055-851,2021-07-22,47355-97488-XS,A-M-1,Anjanette Goldie,agoldieiw@goo.gl,,3729 Susan Drive,Danbury,United States,6816,No,Arabica,Medium Roast,5,1.0,11.25,56.25,1.0125,22,Thursday,7,2021
WLL-59044-117,2021-07-23,28476-04082-GR,R-D-1,Kipper Boorn,kboorn23@ezinearticles.com,+353 (359) 134-1550,9513 Meadow Ridge Parkway,Listowel,Ireland,V31,Yes,Robusta,Dark Roast,6,1.0,8.95,53.699999999999996,0.5369999999999999,23,Friday,7,2021
ADP-04506-084,2021-07-24,61809-87758-LJ,E-M-2.5,Hatty Dovydenas,,+1 (281) 416-9557,227 Huxley Hill,Amarillo,United States,79176,Yes,Excelsa,Medium Roast,6,2.5,31.624999999999996,189.74999999999997,3.47875,24,Saturday,7,2021
QUU-91729-492,2021-07-29,90312-11148-LA,A-D-0.2,Lowell Keenleyside,lkeenleyside3s@topsy.com,+1 (636) 713-5124,6 Hauk Junction,Saint Louis,United States,63131,No,Arabica,Dark Roast,4,0.2,2.985,11.94,0.26865,29,Thursday,7,2021
DXY-76225-633,2021-07-29,88574-37083-WX,A-M-0.5,Merrile Cobbledick,mcobbledickpd@ucsd.edu,+1 (520) 567-8210,949 Nobel Plaza,Tucson,United States,85732,No,Arabica,Medium Roast,1,0.5,6.75,6.75,0.6074999999999999,29,Thursday,7,2021
BYP-16005-016,2021-08-01,01474-63436-TP,R-M-2.5,Read Cutts,rcuttspy@techcrunch.com,+1 (815) 758-8653,820 Reinke Pass,Rockford,United States,61105,No,Robusta,Medium Roast,5,2.5,22.884999999999998,114.42499999999998,1.3730999999999998,1,Sunday,8,2021
PBT-36926-102,2021-08-02,19485-98072-PS,L-M-1,Don Flintiff,dflintiffg1@e-recht24.de,,7 Helena Junction,London,United Kingdom,WC1B,No,Liberica,Medium Roast,4,1.0,14.55,58.2,1.8915000000000002,2,Monday,8,2021
JZV-43874-185,2021-08-02,18551-80943-YQ,A-M-1,Freeland Missenden,,+1 (619) 481-1493,1 Randy Place,San Diego,United States,92191,Yes,Arabica,Medium Roast,5,1.0,11.25,56.25,1.0125,2,Monday,8,2021
GJC-66474-557,2021-08-03,64965-78386-MY,A-D-1,Nicolina Jenny,njennyrq@bigcartel.com,+1 (562) 679-4750,6099 American Ash Court,Whittier,United States,90610,No,Arabica,Dark Roast,1,1.0,9.95,9.95,0.8954999999999999,3,Tuesday,8,2021
FDO-25756-141,2021-08-03,57360-46846-NS,A-L-2.5,Dinah Crutcher,,+353 (706) 448-6304,89147 Northport Trail,Lusk,Ireland,K45,Yes,Arabica,Light Roast,3,2.5,29.784999999999997,89.35499999999999,2.6806499999999995,3,Tuesday,8,2021
NTJ-88319-746,2021-08-03,90882-88130-KQ,L-L-0.5,Zachary Tramel,ztramelod@netlog.com,+1 (862) 925-5943,28834 Wayridge Lane,Newark,United States,7195,No,Liberica,Light Roast,3,0.5,9.51,28.53,1.2363,3,Tuesday,8,2021
CVP-18956-553,2021-08-04,86561-91660-RB,L-D-1,Beryle Cottier,,+1 (570) 289-7473,2651 Stoughton Place,Scranton,United States,18505,No,Liberica,Dark Roast,3,1.0,12.95,38.849999999999994,1.6835,4,Wednesday,8,2021
GOI-41472-677,2021-08-04,16545-76328-JY,E-D-2.5,Darrin Tingly,dtingly8f@goo.ne.jp,,6094 Dawn Junction,Lexington,United States,40596,Yes,Excelsa,Dark Roast,4,2.5,27.945,111.78,3.07395,4,Wednesday,8,2021
MIF-17920-768,2021-08-05,68946-40750-LK,R-L-0.2,Morna Hansed,mhanseddh@instagram.com,+353 (997) 520-7802,1 Dwight Point,Tr谩 Mh贸r,Ireland,R93,Yes,Robusta,Light Roast,6,0.2,3.5849999999999995,21.509999999999998,0.21509999999999996,5,Thursday,8,2021
XZD-44484-632,2021-08-06,80541-38332-BP,A-D-0.2,Helaina Rainforth,hrainforthn2@blog.com,+1 (215) 607-9440,132 New Castle Drive,Philadelphia,United States,19172,No,Arabica,Dark Roast,2,0.2,2.985,5.97,0.26865,6,Friday,8,2021
XZD-44484-632,2021-08-06,80541-38332-BP,E-M-1,Helaina Rainforth,hrainforthn2@blog.com,+1 (215) 607-9440,132 New Castle Drive,Philadelphia,United States,19172,No,Excelsa,Medium Roast,2,1.0,13.75,27.5,1.5125,6,Friday,8,2021
EFC-39577-424,2021-08-08,16046-34805-ZF,E-M-1,Auguste Rizon,arizonba@xing.com,+1 (501) 732-3644,19 Merrick Pass,Little Rock,United States,72215,Yes,Excelsa,Medium Roast,5,1.0,13.75,68.75,1.5125,8,Sunday,8,2021
USN-68115-161,2021-08-10,08120-16183-AW,E-M-0.2,Rasia Jacquemard,rjacquemardcc@acquirethisname.com,+353 (959) 389-1521,415 Fremont Junction,Monasterevin,Ireland,W34,No,Excelsa,Medium Roast,6,0.2,4.125,24.75,0.45375,10,Tuesday,8,2021
ULA-24644-321,2021-08-13,67010-92988-CT,R-D-2.5,Reube Cawley,rcawleycm@yellowbook.com,,54210 Eagan Avenue,Ballyboden,Ireland,D6W,Yes,Robusta,Dark Roast,4,2.5,20.584999999999997,82.33999999999999,1.2350999999999999,13,Friday,8,2021
NVN-66443-451,2021-08-20,98921-82417-GN,R-D-1,Alric Darth,adarthbt@t.co,+1 (907) 557-6903,86 Pawling Court,Anchorage,United States,99507,No,Robusta,Dark Roast,2,1.0,8.95,17.9,0.5369999999999999,20,Friday,8,2021
SVD-75407-177,2021-08-23,16106-36039-QS,E-L-0.5,Yulma Dombrell,ydombrellbs@dedecms.com,+1 (501) 136-0040,83 Sunbrook Lane,Little Rock,United States,72204,Yes,Excelsa,Light Roast,3,0.5,8.91,26.73,0.9801,23,Monday,8,2021
TCX-76953-071,2021-08-25,94091-86957-HX,E-D-0.2,Jimmy Dymoke,jdymokeje@prnewswire.com,+353 (390) 459-9269,8424 Milwaukee Court,Beaumont,Ireland,D17,No,Excelsa,Dark Roast,5,0.2,3.645,18.225,0.40095000000000003,25,Wednesday,8,2021
HGJ-82768-173,2021-08-26,62741-01322-HU,A-M-1,Terencio O'Moylan,tomoylan9c@liveinternet.ru,+44 (911) 807-7254,19 Kings Pass,Church End,United Kingdom,CB4,No,Arabica,Medium Roast,4,1.0,11.25,45.0,1.0125,26,Thursday,8,2021
CPX-46916-770,2021-08-27,12729-50170-JE,R-L-1,Zachariah Carlson,zcarlson7k@bigcartel.com,+353 (259) 651-4128,4825 Bowman Crossing,Shankill,Ireland,A98,Yes,Robusta,Light Roast,6,1.0,11.95,71.69999999999999,0.717,27,Friday,8,2021
BPZ-51283-916,2021-08-29,87688-42420-TO,A-M-2.5,Kylie Mowat,,+1 (206) 275-3973,06512 Shopko Court,Milwaukee,United States,53285,No,Arabica,Medium Roast,2,2.5,25.874999999999996,51.74999999999999,2.3287499999999994,29,Sunday,8,2021
SYX-48878-182,2021-08-29,47725-34771-FJ,R-D-1,Stacy Pickworth,,+1 (702) 723-3139,81014 Delladonna Terrace,Las Vegas,United States,89115,No,Robusta,Dark Roast,5,1.0,8.95,44.75,0.5369999999999999,29,Sunday,8,2021
EUO-69145-988,2021-08-30,60370-41934-IF,E-D-0.2,Hamlen Pallister,hpallisterds@ning.com,+1 (850) 517-1353,19513 Golf Course Junction,Pensacola,United States,32590,No,Excelsa,Dark Roast,3,0.2,3.645,10.935,0.40095000000000003,30,Monday,8,2021
OIB-13664-879,2021-08-31,04713-57765-KR,A-M-1,Jilly Dreng,jdrengqg@uiuc.edu,+353 (350) 974-1489,0 Cardinal Park,Sallins,Ireland,W91,Yes,Arabica,Medium Roast,2,1.0,11.25,22.5,1.0125,31,Tuesday,8,2021
IGM-84664-265,2021-08-31,80179-44620-WN,R-L-0.5,Cleve Blowfelde,cblowfelde73@ustream.tv,+1 (520) 951-0585,72657 Shelley Alley,Tucson,United States,85715,No,Robusta,Light Roast,3,0.5,7.169999999999999,21.509999999999998,0.4301999999999999,31,Tuesday,8,2021
OIL-26493-755,2021-08-31,19017-95853-EK,A-M-0.5,Timofei Woofinden,twoofinden3k@businesswire.com,+1 (701) 503-1067,1 Pennsylvania Center,Fargo,United States,58122,No,Arabica,Medium Roast,1,0.5,6.75,6.75,0.6074999999999999,31,Tuesday,8,2021
QTC-71005-730,2021-09-02,14298-02150-KH,A-L-0.2,Giordano Lorenzin,,+1 (415) 414-0382,577 Roth Pass,San Francisco,United States,94132,No,Arabica,Light Roast,4,0.2,3.885,15.54,0.34964999999999996,2,Thursday,9,2021
EIP-19142-462,2021-09-06,60973-72562-DQ,A-L-0.2,Anson Iddison,aiddisonaw@usa.gov,+1 (714) 658-0310,8 Steensland Junction,Santa Ana,United States,92725,No,Arabica,Light Roast,1,0.2,3.885,3.885,0.34964999999999996,6,Monday,9,2021
ORX-57454-917,2021-09-06,76209-39601-ZR,E-D-2.5,Gnni Cheeke,gcheekeqc@sitemeter.com,+44 (677) 694-1404,934 Loomis Junction,London,United Kingdom,EC3M,Yes,Excelsa,Dark Roast,3,2.5,27.945,83.83500000000001,3.07395,6,Monday,9,2021
EIP-19142-462,2021-09-06,60973-72562-DQ,E-L-1,Anson Iddison,aiddisonaw@usa.gov,+1 (714) 658-0310,8 Steensland Junction,Santa Ana,United States,92725,No,Excelsa,Light Roast,6,1.0,14.85,89.1,1.6335,6,Monday,9,2021
JSU-23781-256,2021-09-07,76499-89100-JQ,R-M-1,Mag Armistead,marmisteadeg@blogtalkradio.com,+1 (504) 611-3400,805 Kenwood Plaza,New Orleans,United States,70179,No,Robusta,Medium Roast,4,1.0,9.95,39.8,0.597,7,Tuesday,9,2021
JSU-23781-256,2021-09-07,76499-89100-JQ,L-D-0.2,Mag Armistead,marmisteadeg@blogtalkradio.com,+1 (504) 611-3400,805 Kenwood Plaza,New Orleans,United States,70179,No,Liberica,Dark Roast,1,0.2,3.885,3.885,0.50505,7,Tuesday,9,2021
NFI-37188-246,2021-09-08,89490-75361-AF,A-D-2.5,Wilton Jallin,wjallinpa@pcworld.com,+1 (617) 201-1702,6511 Haas Road,Boston,United States,2298,No,Arabica,Dark Roast,4,2.5,22.884999999999998,91.53999999999999,2.0596499999999995,8,Wednesday,9,2021
KLD-88731-484,2021-09-08,17775-77072-PP,A-M-1,Carlie Linskill,clinskillkh@sphinn.com,+1 (513) 743-7556,05296 Debra Alley,Cincinnati,United States,45228,No,Arabica,Medium Roast,5,1.0,11.25,56.25,1.0125,8,Wednesday,9,2021
BWZ-46364-547,2021-09-09,64918-67725-MN,R-L-1,Yardley Basill,ybasillht@theguardian.com,+1 (412) 297-2806,10675 Loomis Place,Pittsburgh,United States,15255,Yes,Robusta,Light Roast,3,1.0,11.95,35.849999999999994,0.717,9,Thursday,9,2021
FLR-82914-153,2021-09-09,86100-33488-WP,A-M-2.5,Enriqueta Ixor,,+1 (512) 200-9234,068 Meadow Ridge Lane,Round Rock,United States,78682,No,Arabica,Medium Roast,6,2.5,25.874999999999996,155.24999999999997,2.3287499999999994,9,Thursday,9,2021
UPX-54529-618,2021-09-10,40535-56770-UM,L-D-1,Tawnya Menary,tmenaryp7@phoca.cz,+1 (971) 467-6353,5546 Kensington Hill,Portland,United States,97240,No,Liberica,Dark Roast,3,1.0,12.95,38.849999999999994,1.6835,10,Friday,9,2021
GRB-68838-629,2021-09-10,15064-65241-HB,R-L-2.5,Gwenni Ratt,grattqd@phpbb.com,+353 (878) 618-9723,55 Montana Road,Castlemartyr,Ireland,H71,No,Robusta,Light Roast,4,2.5,27.484999999999996,109.93999999999998,1.6490999999999998,10,Friday,9,2021
PJV-20427-019,2021-09-12,13404-39127-WQ,A-L-2.5,Celie MacCourt,cmaccourtpo@amazon.com,,01678 4th Hill,Orlando,United States,32835,No,Arabica,Light Roast,3,2.5,29.784999999999997,89.35499999999999,2.6806499999999995,12,Sunday,9,2021
DAH-46595-917,2021-09-12,27878-42224-QF,A-D-1,Nissie Rudland,nrudlandij@blogs.com,+353 (445) 224-6111,60371 Doe Crossing Place,Gorey,Ireland,Y25,No,Arabica,Dark Roast,6,1.0,9.95,59.699999999999996,0.8954999999999999,12,Sunday,9,2021
TKY-71558-096,2021-09-15,24010-66714-HW,A-M-1,Chrisy Blofeld,cblofeldo@amazon.co.uk,+1 (303) 936-3357,013 Talisman Terrace,Englewood,United States,80150,No,Arabica,Medium Roast,1,1.0,11.25,11.25,1.0125,15,Wednesday,9,2021
DHT-93810-053,2021-09-16,17005-82030-EA,E-L-1,Shirleen Welds,sweldsar@wired.com,+1 (203) 568-7058,002 Summer Ridge Terrace,New Haven,United States,6510,Yes,Excelsa,Light Roast,5,1.0,14.85,74.25,1.6335,16,Thursday,9,2021
KJJ-12573-591,2021-09-18,12997-41076-FQ,A-L-2.5,Paula Denis,,+1 (602) 598-9823,74 Texas Road,Phoenix,United States,85072,Yes,Arabica,Light Roast,1,2.5,29.784999999999997,29.784999999999997,2.6806499999999995,18,Saturday,9,2021
NSQ-72210-345,2021-09-20,90940-63327-DJ,A-M-0.2,Audra Kelston,akelstonfq@sakura.ne.jp,+1 (954) 981-8804,9522 Oak Valley Way,Fort Lauderdale,United States,33330,Yes,Arabica,Medium Roast,6,0.2,3.375,20.25,0.30374999999999996,20,Monday,9,2021
ZKI-78561-066,2021-09-21,60121-12432-VU,A-D-0.2,Mordy Van Der Vlies,mvannj@wikipedia.org,,297 Fulton Way,Mobile,United States,36670,Yes,Arabica,Dark Roast,3,0.2,2.985,8.955,0.26865,21,Tuesday,9,2021
WQK-10857-119,2021-09-21,96849-52854-CR,E-D-0.5,Filip Antcliffe,fantcliffeo6@amazon.co.jp,+353 (581) 217-6697,05 Bobwhite Pass,Clonskeagh,Ireland,D04,Yes,Excelsa,Dark Roast,1,0.5,7.29,7.29,0.8019000000000001,21,Tuesday,9,2021
EAI-25194-209,2021-09-24,44601-51441-BH,A-L-2.5,Dorey Sopper,dsopperp4@eventbrite.com,+1 (612) 870-1604,0244 Northfield Place,Saint Paul,United States,55123,No,Arabica,Light Roast,5,2.5,29.784999999999997,148.92499999999998,2.6806499999999995,24,Friday,9,2021
WOQ-36015-429,2021-09-25,51427-89175-QJ,A-D-0.5,Adrian Swaine,,+1 (303) 486-9517,95 Straubel Hill,Aurora,United States,80044,No,Arabica,Dark Roast,6,0.5,5.97,35.82,0.5373,25,Saturday,9,2021
WOQ-36015-429,2021-09-25,51427-89175-QJ,L-M-0.5,Adrian Swaine,,+1 (303) 486-9517,95 Straubel Hill,Aurora,United States,80044,No,Liberica,Medium Roast,6,0.5,8.73,52.38,1.1349,25,Saturday,9,2021
WFV-88138-247,2021-09-25,63411-51758-QC,R-L-1,Vernor Pawsey,vpawseyq6@tiny.cc,+1 (478) 568-4944,883 Eagan Point,Macon,United States,31205,No,Robusta,Light Roast,3,1.0,11.95,35.849999999999994,0.717,25,Saturday,9,2021
YXO-79631-417,2021-09-25,31587-92570-HL,L-D-0.5,Casi Gwinnett,cgwinnetta5@behance.net,,0 Elgar Parkway,Anaheim,United States,92825,No,Liberica,Dark Roast,1,0.5,7.77,7.77,1.0101,25,Saturday,9,2021
WOQ-36015-429,2021-09-25,51427-89175-QJ,L-M-0.2,Adrian Swaine,,+1 (303) 486-9517,95 Straubel Hill,Aurora,United States,80044,No,Liberica,Medium Roast,5,0.2,4.365,21.825000000000003,0.56745,25,Saturday,9,2021
GMF-18638-786,2021-09-26,60004-62976-NI,L-D-0.5,Gregorius Kislingbury,gkislingburyaz@samsung.com,,4 Jenifer Street,Washington,United States,20420,Yes,Liberica,Dark Roast,6,0.5,7.77,46.62,1.0101,26,Sunday,9,2021
RSR-96390-187,2021-09-29,67052-76184-CB,E-M-1,Mellisa Mebes,,+1 (410) 273-2348,803 Crest Line Parkway,Baltimore,United States,21275,No,Excelsa,Medium Roast,6,1.0,13.75,82.5,1.5125,29,Wednesday,9,2021
ZMU-63715-204,2021-09-30,29060-75856-UI,E-D-1,Innis Renhard,irenhardh6@i2i.jp,+1 (646) 225-6560,73184 Fieldstone Junction,New York City,United States,10045,Yes,Excelsa,Dark Roast,6,1.0,12.15,72.9,1.3365,30,Thursday,9,2021
PJH-42618-877,2021-09-30,93676-95250-XJ,A-D-2.5,Celestia Dolohunty,cdolohuntyor@dailymail.co.uk,+1 (619) 353-0412,836 Towne Court,San Diego,United States,92165,Yes,Arabica,Dark Roast,5,2.5,22.884999999999998,114.42499999999998,2.0596499999999995,30,Thursday,9,2021
TEH-08414-216,2021-10-01,35099-13971-JI,E-M-2.5,Gay Eilhersen,geilhersenk3@networksolutions.com,+1 (559) 791-5117,60707 Hallows Point,Fresno,United States,93773,No,Excelsa,Medium Roast,2,2.5,31.624999999999996,63.24999999999999,3.47875,1,Friday,10,2021
PUX-47906-110,2021-10-01,02002-98725-CH,L-M-1,Alfy Snowding,asnowding60@comsenz.com,+1 (419) 996-2492,1691 Comanche Lane,Toledo,United States,43635,Yes,Liberica,Medium Roast,4,1.0,14.55,58.2,1.8915000000000002,1,Friday,10,2021
TKL-20738-660,2021-10-02,47939-53158-LS,E-M-0.2,Cordi Switsur,cswitsur3b@chronoengine.com,+1 (615) 791-3142,57942 North Point,Nashville,United States,37215,No,Excelsa,Medium Roast,1,0.2,4.125,4.125,0.45375,2,Saturday,10,2021
TKL-20738-660,2021-10-02,47939-53158-LS,A-L-0.2,Cordi Switsur,cswitsur3b@chronoengine.com,+1 (615) 791-3142,57942 North Point,Nashville,United States,37215,No,Arabica,Light Roast,1,0.2,3.885,3.885,0.34964999999999996,2,Saturday,10,2021
TKL-20738-660,2021-10-02,47939-53158-LS,E-M-1,Cordi Switsur,cswitsur3b@chronoengine.com,+1 (615) 791-3142,57942 North Point,Nashville,United States,37215,No,Excelsa,Medium Roast,5,1.0,13.75,68.75,1.5125,2,Saturday,10,2021
YPT-95383-088,2021-10-03,43439-94003-DW,E-D-2.5,Flynn Antony,,+1 (205) 680-5859,5678 Doe Crossing Junction,Birmingham,United States,35244,No,Excelsa,Dark Roast,2,2.5,27.945,55.89,3.07395,3,Sunday,10,2021
NKW-24945-846,2021-10-04,75977-30364-AY,A-D-2.5,Jocko Pray,jpray4a@youtube.com,+1 (215) 771-6504,7764 Thackeray Hill,Philadelphia,United States,19172,No,Arabica,Dark Roast,5,2.5,22.884999999999998,114.42499999999998,2.0596499999999995,4,Monday,10,2021
ULR-52653-960,2021-10-04,04152-34436-IE,L-L-2.5,Maurie Bartol,,+1 (617) 493-7594,7625 Starling Court,Boston,United States,2216,No,Liberica,Light Roast,2,2.5,36.455,72.91,4.7391499999999995,4,Monday,10,2021
RCK-04069-371,2021-10-07,94573-61802-PH,E-L-2.5,Serena Earley,searley4q@youku.com,,66197 Onsgard Place,Craigavon,United Kingdom,BT66,No,Excelsa,Light Roast,2,2.5,34.154999999999994,68.30999999999999,3.7570499999999996,7,Thursday,10,2021
VUC-72395-865,2021-10-07,13321-57602-GK,A-D-0.5,Adelheid Gladhill,agladhillng@stanford.edu,+1 (410) 991-5601,36 Atwood Plaza,Baltimore,United States,21290,Yes,Arabica,Dark Roast,6,0.5,5.97,35.82,0.5373,7,Thursday,10,2021
SFB-93752-440,2021-10-10,48203-23480-UB,R-M-0.2,Niels Leake,nleakek1@cmu.edu,+1 (786) 470-1233,1138 Vermont Alley,Clearwater,United States,34615,Yes,Robusta,Medium Roast,3,0.2,2.985,8.955,0.17909999999999998,10,Sunday,10,2021
ISJ-48676-420,2021-10-10,93046-67561-AY,L-L-0.5,Keefer Cake,kcakedg@huffingtonpost.com,,1 Crowley Crossing,San Jose,United States,95108,No,Liberica,Light Roast,6,0.5,9.51,57.06,1.2363,10,Sunday,10,2021
XIY-43041-882,2021-10-12,07250-63194-JO,A-M-1,Shawnee Critchlow,scritchlow34@un.org,+1 (804) 428-7292,6886 Oxford Hill,Richmond,United States,23242,No,Arabica,Medium Roast,1,1.0,11.25,11.25,1.0125,12,Tuesday,10,2021
LTO-95975-728,2021-10-13,46560-73885-PJ,R-L-0.5,Rosaline McLae,rmclae72@dailymotion.com,,1065 Myrtle Center,Swindon,United Kingdom,SN1,No,Robusta,Light Roast,4,0.5,7.169999999999999,28.679999999999996,0.4301999999999999,13,Wednesday,10,2021
DEC-11160-362,2021-10-13,48582-05061-RY,R-D-0.2,Amii Gallyon,agallyoney@engadget.com,,229 Spohn Center,Naperville,United States,60567,Yes,Robusta,Dark Roast,4,0.2,2.6849999999999996,10.739999999999998,0.16109999999999997,13,Wednesday,10,2021
NAR-00747-074,2021-10-16,23243-92649-RY,L-D-1,Sylas Jennaroy,sjennaroyi8@purevolume.com,,22 South Court,Aurora,United States,80045,No,Liberica,Dark Roast,4,1.0,12.95,51.8,1.6835,16,Saturday,10,2021
GFI-83300-059,2021-10-16,40414-26467-VE,A-M-0.2,Annie Campsall,acampsallid@zimbio.com,+1 (713) 339-5547,52003 Burning Wood Plaza,Houston,United States,77281,Yes,Arabica,Medium Roast,6,0.2,3.375,20.25,0.30374999999999996,16,Saturday,10,2021
VSN-94485-621,2021-10-17,88116-12604-TE,A-D-0.2,Frans Habbergham,fhabberghamn8@discovery.com,+1 (775) 814-9362,76 Fallview Crossing,Sparks,United States,89436,No,Arabica,Dark Roast,4,0.2,2.985,11.94,0.26865,17,Sunday,10,2021
BOR-02906-411,2021-10-17,08743-09057-OO,L-D-2.5,Tallie felip,tfelip5m@typepad.com,+1 (518) 651-0940,9 Roth Point,Albany,United States,12205,Yes,Liberica,Dark Roast,6,2.5,29.784999999999997,178.70999999999998,3.8720499999999998,17,Sunday,10,2021
WCT-07869-499,2021-10-19,32031-49093-KE,R-D-0.5,Birgit Domange,bdomangeez@yahoo.co.jp,,5 Sherman Drive,Charleston,United States,29424,No,Robusta,Dark Roast,5,0.5,5.369999999999999,26.849999999999994,0.32219999999999993,19,Tuesday,10,2021
LQG-41416-375,2021-10-19,45190-08727-NV,L-D-1,Dyanna Aizikovitz,daizikovitz2u@answers.com,+353 (766) 141-6317,7 Northland Court,Leixlip,Ireland,A86,Yes,Liberica,Dark Roast,3,1.0,12.95,38.849999999999994,1.6835,19,Tuesday,10,2021
BZE-96093-118,2021-10-19,43452-18035-DH,L-M-0.2,Alva Filipczak,afilipczaklh@ning.com,+353 (176) 447-3656,4847 Vera Crossing,Moycullen,Ireland,A41,No,Liberica,Medium Roast,2,0.2,4.365,8.73,0.56745,19,Tuesday,10,2021
TCC-89722-031,2021-10-23,41611-34336-WT,L-D-0.5,Peyter Lauritzen,plauritzengo@photobucket.com,+1 (215) 308-0788,833 Monument Circle,Philadelphia,United States,19141,No,Liberica,Dark Roast,1,0.5,7.77,7.77,1.0101,23,Saturday,10,2021
OLH-95722-362,2021-10-24,48553-69225-VX,L-D-0.5,Devland Gritton,dgrittonq0@nydailynews.com,+1 (626) 968-5148,095 Jenna Junction,Pasadena,United States,91117,Yes,Liberica,Dark Roast,3,0.5,7.77,23.31,1.0101,24,Sunday,10,2021
HKN-31467-517,2021-10-24,84045-66771-SL,L-M-1,Charlean Keave,ckeaver1@ucoz.com,+1 (850) 410-9647,08019 Fairfield Pass,Pensacola,United States,32575,No,Liberica,Medium Roast,6,1.0,14.55,87.30000000000001,1.8915000000000002,24,Sunday,10,2021
OLH-95722-362,2021-10-24,48553-69225-VX,R-M-2.5,Devland Gritton,dgrittonq0@nydailynews.com,+1 (626) 968-5148,095 Jenna Junction,Pasadena,United States,91117,Yes,Robusta,Medium Roast,4,2.5,22.884999999999998,91.53999999999999,1.3730999999999998,24,Sunday,10,2021
JKA-27899-806,2021-10-26,97005-25609-CQ,R-L-1,Gale Heindrick,gheindrickin@usda.gov,+1 (229) 111-7292,37 Schiller Place,Lawrenceville,United States,30245,No,Robusta,Light Roast,5,1.0,11.95,59.75,0.717,26,Tuesday,10,2021
BPT-83989-157,2021-10-27,84269-49816-ML,A-M-2.5,Portie Cutchie,pcutchie6e@globo.com,+1 (336) 679-7755,5 Esch Parkway,Greensboro,United States,27499,No,Arabica,Medium Roast,2,2.5,25.874999999999996,51.74999999999999,2.3287499999999994,27,Wednesday,10,2021
JDS-33440-914,2021-10-28,58511-10548-ZU,R-M-1,Ailene Nesfield,anesfield8p@people.com.cn,+44 (418) 372-8139,59 Rieder Lane,Belfast,United Kingdom,BT2,Yes,Robusta,Medium Roast,3,1.0,9.95,29.849999999999998,0.597,28,Thursday,10,2021
XAH-93337-609,2021-10-28,66976-43829-YG,A-D-1,Domeniga Duke,dduke82@vkontakte.ru,+1 (626) 268-7265,472 Mosinee Crossing,Los Angeles,United States,90071,No,Arabica,Dark Roast,5,1.0,9.95,49.75,0.8954999999999999,28,Thursday,10,2021
CKS-47815-571,2021-11-02,45666-86771-EH,L-L-0.5,Ardith Chill,achillhz@epa.gov,+44 (411) 344-1320,677 Bartillon Avenue,Thorpe,United Kingdom,BD23,Yes,Liberica,Light Roast,3,0.5,9.51,28.53,1.2363,2,Tuesday,11,2021
DZI-35365-596,2021-11-02,54798-14109-HC,E-M-0.2,Odelia Skerme,oskermen3@hatena.ne.jp,+1 (405) 615-0298,4 Tony Circle,Oklahoma City,United States,73167,Yes,Excelsa,Medium Roast,2,0.2,4.125,8.25,0.45375,2,Tuesday,11,2021
YOK-93322-608,2021-11-04,69411-48470-ID,E-L-1,Gilberto Cornier,gcornierjv@techcrunch.com,,39353 Northview Avenue,Tampa,United States,33686,No,Excelsa,Light Roast,6,1.0,14.85,89.1,1.6335,4,Thursday,11,2021
HFT-77191-168,2021-11-04,48419-02347-XP,R-D-0.2,Melosa Kippen,mkippenby@dion.ne.jp,+1 (601) 262-2557,87 Brentwood Hill,Jackson,United States,39236,Yes,Robusta,Dark Roast,2,0.2,2.6849999999999996,5.369999999999999,0.16109999999999997,4,Thursday,11,2021
TNX-09857-717,2021-11-04,48675-07824-HJ,L-M-1,Harwilll Bishell,,+1 (337) 322-9762,7960 Roth Center,Lafayette,United States,70505,Yes,Liberica,Medium Roast,6,1.0,14.55,87.30000000000001,1.8915000000000002,4,Thursday,11,2021
ETD-58130-674,2021-11-05,05325-97750-WP,E-M-0.5,Cody Verissimo,cverissimogh@theglobeandmail.com,,18 Bluestem Avenue,Upton,United Kingdom,DN21,Yes,Excelsa,Medium Roast,2,0.5,8.25,16.5,0.9075,5,Friday,11,2021
HHF-36647-854,2021-11-05,39011-18412-GR,A-D-2.5,Adora Roubert,aroubertn0@tmall.com,+1 (772) 366-6549,27591 Michigan Place,Port Saint Lucie,United States,34985,Yes,Arabica,Dark Roast,6,2.5,22.884999999999998,137.31,2.0596499999999995,5,Friday,11,2021
XQJ-86887-506,2021-11-06,66458-91190-YC,E-L-1,Marja Urion,murione5@alexa.com,+353 (715) 989-0283,2 Sycamore Avenue,Virginia,Ireland,D18,Yes,Excelsa,Light Roast,4,1.0,14.85,59.4,1.6335,6,Saturday,11,2021
RUK-78200-416,2021-11-09,36192-07175-XC,L-D-0.2,Mitch Attwool,mattwoolpl@nba.com,+1 (515) 821-3701,6229 Dawn Junction,Des Moines,United States,50369,No,Liberica,Dark Roast,2,0.2,3.885,7.77,0.50505,9,Tuesday,11,2021
JQK-64922-985,2021-11-10,23779-10274-KN,R-M-2.5,Bettina Leffek,bleffek48@ning.com,+1 (808) 815-3474,0688 Burning Wood Point,Honolulu,United States,96805,Yes,Robusta,Medium Roast,3,2.5,22.884999999999998,68.655,1.3730999999999998,10,Wednesday,11,2021
JOM-80930-071,2021-11-10,54904-18397-UD,L-D-1,Raleigh Lepere,rlepere3j@shop-pro.jp,+353 (792) 857-4513,27 Mosinee Court,Beaumont,Ireland,D17,No,Liberica,Dark Roast,6,1.0,12.95,77.69999999999999,1.6835,10,Wednesday,11,2021
BXH-62195-013,2021-11-11,94526-79230-GZ,A-M-1,Mindy Bogey,mbogeypb@thetimes.co.uk,+1 (202) 479-4238,7791 Westend Point,Washington,United States,20226,Yes,Arabica,Medium Roast,4,1.0,11.25,45.0,1.0125,11,Thursday,11,2021
UZL-46108-213,2021-11-11,75961-20170-RD,L-L-1,Graeme Whitehead,gwhiteheadls@hp.com,,39 Pawling Place,Nashville,United States,37240,No,Liberica,Light Roast,2,1.0,15.85,31.7,2.0605,11,Thursday,11,2021
SBI-60013-494,2021-11-12,55232-81621-BX,E-M-0.2,Tory Walas,twalas53@google.ca,+1 (214) 205-7809,2673 Everett Place,Garland,United States,75044,No,Excelsa,Medium Roast,2,0.2,4.125,8.25,0.45375,12,Friday,11,2021
MSJ-11909-468,2021-11-13,07878-45872-CC,E-D-2.5,Cobby Cromwell,ccromwell76@desdev.cn,+1 (562) 516-6052,45604 Bunker Hill Court,Whittier,United States,90610,No,Excelsa,Dark Roast,5,2.5,27.945,139.725,3.07395,13,Saturday,11,2021
VFZ-91673-181,2021-11-13,10225-91535-AI,A-L-1,Lenka Rushmer,lrushmer65@europa.eu,+1 (949) 869-7598,70379 Canary Plaza,Irvine,United States,92619,Yes,Arabica,Light Roast,6,1.0,12.95,77.69999999999999,1.1655,13,Saturday,11,2021
CBT-55781-720,2021-11-15,97855-54761-IS,E-D-0.5,Dottie Tift,dtift4i@netvibes.com,+1 (336) 766-8518,581 Forest Run Avenue,Greensboro,United States,27415,Yes,Excelsa,Dark Roast,3,0.5,7.29,21.87,0.8019000000000001,15,Monday,11,2021
RIU-02231-623,2021-11-16,25544-84179-QC,R-L-0.5,Skipton Morrall,smorrallnq@answers.com,+1 (304) 897-5422,52731 Fair Oaks Way,Charleston,United States,25326,Yes,Robusta,Light Roast,5,0.5,7.169999999999999,35.849999999999994,0.4301999999999999,16,Tuesday,11,2021
ENN-79947-323,2021-11-18,67847-82662-TE,L-M-0.5,Marty Scholl,mschollom@taobao.com,+1 (415) 613-5939,59992 Canary Crossing,San Francisco,United States,94154,No,Liberica,Medium Roast,2,0.5,8.73,17.46,1.1349,18,Thursday,11,2021
ANM-16388-634,2021-11-19,77343-52608-FF,L-L-0.2,Nat Saleway,nsaleway1v@dedecms.com,+1 (323) 473-0294,0780 Anthes Plaza,Burbank,United States,91505,No,Liberica,Light Roast,2,0.2,4.755,9.51,0.61815,19,Friday,11,2021
QDO-57268-842,2021-11-21,57808-90533-UE,E-M-2.5,Derick Snow,,+1 (718) 461-3002,813 La Follette Place,New York City,United States,10004,No,Excelsa,Medium Roast,5,2.5,31.624999999999996,158.12499999999997,3.47875,21,Sunday,11,2021
AVH-56062-335,2021-11-21,18082-74419-QH,E-M-0.5,Miran Doidge,mdoidgenb@etsy.com,+1 (831) 955-4716,94 Del Mar Lane,Salinas,United States,93907,No,Excelsa,Medium Roast,5,0.5,8.25,41.25,0.9075,21,Sunday,11,2021
UOG-94188-104,2021-11-23,92753-50029-SD,A-M-0.5,Kienan Scholard,kscholardgk@sbwire.com,+1 (614) 199-9032,47910 Longview Place,Columbus,United States,43268,No,Arabica,Medium Roast,5,0.5,6.75,33.75,0.6074999999999999,23,Tuesday,11,2021
VKQ-39009-292,2021-11-23,57808-90533-UE,L-M-1,Derick Snow,,+1 (718) 461-3002,813 La Follette Place,New York City,United States,10004,No,Liberica,Medium Roast,5,1.0,14.55,72.75,1.8915000000000002,23,Tuesday,11,2021
YUL-42750-776,2021-11-23,24845-36117-TI,L-M-0.2,Cissiee Raisbeck,craisbeckfg@webnode.com,,8026 Nobel Parkway,Shreveport,United States,71161,Yes,Liberica,Medium Roast,2,0.2,4.365,8.73,0.56745,23,Tuesday,11,2021
GGD-38107-641,2021-11-23,99562-88650-YF,L-M-1,Leia Kernan,lkernan71@wsj.com,+1 (217) 146-0949,76 Briar Crest Avenue,Champaign,United States,61825,No,Liberica,Medium Roast,4,1.0,14.55,58.2,1.8915000000000002,23,Tuesday,11,2021
OFX-99147-470,2021-11-24,49860-68865-AB,R-M-1,Hy Zanetto,,,469 Paget Place,Tucson,United States,85715,Yes,Robusta,Medium Roast,6,1.0,9.95,59.699999999999996,0.597,24,Wednesday,11,2021
GUU-40666-525,2021-11-24,68555-89840-GZ,A-L-0.2,Morgen Seson,msesonck@census.gov,+1 (206) 642-0902,92847 Schlimgen Road,Seattle,United States,98109,No,Arabica,Light Roast,3,0.2,3.885,11.655,0.34964999999999996,24,Wednesday,11,2021
WHQ-25197-475,2021-11-26,27536-28463-NJ,L-L-0.2,Claiborne Mottram,cmottramfs@harvard.edu,+1 (512) 333-9861,5 Monument Point,Austin,United States,78715,Yes,Liberica,Light Roast,4,0.2,4.755,19.02,0.61815,26,Friday,11,2021
RUX-37995-892,2021-11-27,37762-09530-MP,L-D-2.5,Bear Gaish,bgaishno@altervista.org,,0010 Dayton Crossing,Austin,United States,78737,Yes,Liberica,Dark Roast,4,2.5,29.784999999999997,119.13999999999999,3.8720499999999998,27,Saturday,11,2021
MVI-04946-827,2021-11-27,62483-50867-OM,E-L-1,Darby Dummer,,,6664 Huxley Place,Manchester,United Kingdom,M14,No,Excelsa,Light Roast,1,1.0,14.85,14.85,1.6335,27,Saturday,11,2021
QDU-45390-361,2021-11-28,03677-09134-BC,E-M-0.5,Chance Rowthorn,crowthornc3@msn.com,+1 (785) 380-3311,320 Rockefeller Alley,Topeka,United States,66622,No,Excelsa,Medium Roast,1,0.5,8.25,8.25,0.9075,28,Sunday,11,2021
ZDK-84567-102,2021-11-29,58690-31815-VY,A-D-0.5,Isidore Hussey,ihussey84@mapy.cz,,641 Birchwood Place,Birmingham,United States,35236,No,Arabica,Dark Roast,3,0.5,5.97,17.91,0.5373,29,Monday,11,2021
QEY-71761-460,2021-11-29,35442-75769-PL,R-M-1,Catarina Donn,,+353 (950) 306-4776,74 Logan Avenue,Dunmanway,Ireland,P47,Yes,Robusta,Medium Roast,2,1.0,9.95,19.9,0.597,29,Monday,11,2021
DSN-15872-519,2021-12-02,53809-98498-SN,L-L-2.5,Bo Kindley,bkindleygl@wikimedia.org,+1 (650) 799-2315,2 Village Plaza,Pasadena,United States,91186,Yes,Liberica,Light Roast,4,2.5,36.455,145.82,4.7391499999999995,2,Thursday,12,2021
MVB-22135-665,2021-12-02,55621-06130-SA,A-D-1,Dottie Rallin,drallinhy@howstuffworks.com,+1 (518) 981-1531,13617 Harbort Lane,Albany,United States,12205,Yes,Arabica,Dark Roast,1,1.0,9.95,9.95,0.8954999999999999,2,Thursday,12,2021
UJV-32333-364,2021-12-03,86110-83695-YS,L-L-0.5,Merell Zanazzi,,+1 (606) 824-3445,4 Memorial Place,Lexington,United States,40596,No,Liberica,Light Roast,1,0.5,9.51,9.51,1.2363,3,Friday,12,2021
KGZ-56395-231,2021-12-06,22221-71106-JD,A-D-0.5,Rhona Lequeux,rlequeuxcz@newyorker.com,+1 (904) 161-6088,093 Mayfield Place,Saint Augustine,United States,32092,No,Arabica,Dark Roast,1,0.5,5.97,5.97,0.5373,6,Monday,12,2021
HUB-47311-849,2021-12-07,04521-04300-OK,L-M-0.5,Stanislaus Gilroy,sgilroy1n@eepurl.com,,9120 Harbort Terrace,Saint Paul,United States,55123,Yes,Liberica,Medium Roast,3,0.5,8.73,26.19,1.1349,7,Tuesday,12,2021
IRX-59256-644,2021-12-08,96446-62142-EN,A-D-0.2,Clayton Kingwell,ckingwellr3@squarespace.com,+353 (182) 469-0985,947 Burrows Park,Rathnew,Ireland,R35,Yes,Arabica,Dark Roast,3,0.2,2.985,8.955,0.26865,8,Wednesday,12,2021
NLI-63891-565,2021-12-10,41899-00283-VK,E-M-0.2,Ibby Charters,ichartersmz@abc.net.au,+1 (202) 710-9776,9435 Troy Circle,Washington,United States,20470,No,Excelsa,Medium Roast,5,0.2,4.125,20.625,0.45375,10,Friday,12,2021
ASG-27179-958,2021-12-10,12607-75113-UV,A-M-0.5,Jule Deehan,jdeehanlk@about.me,+1 (972) 327-1194,11217 Maywood Terrace,Dallas,United States,75216,No,Arabica,Medium Roast,3,0.5,6.75,20.25,0.6074999999999999,10,Friday,12,2021
MUY-15309-209,2021-12-12,97152-03355-IW,L-D-1,Georgena Bentjens,gbentjens6u@netlog.com,+44 (610) 153-1208,4738 Bashford Crossing,Newbiggin,United Kingdom,NE46,No,Liberica,Dark Roast,3,1.0,12.95,38.849999999999994,1.6835,12,Sunday,12,2021
NZN-71683-705,2021-12-13,04921-85445-SL,A-L-2.5,Hermann Larvor,hlarvoriq@last.fm,+1 (941) 779-2195,65129 Becker Drive,Bradenton,United States,34282,Yes,Arabica,Light Roast,6,2.5,29.784999999999997,178.70999999999998,2.6806499999999995,13,Monday,12,2021
KHG-33953-115,2021-12-13,78226-97287-JI,L-D-0.5,Koren Ferretti,kferrettimf@huffingtonpost.com,+353 (526) 215-2582,372 Northland Street,Balrothery,Ireland,K32,No,Liberica,Dark Roast,3,0.5,7.77,23.31,1.0101,13,Monday,12,2021
VMT-10030-889,2021-12-15,87602-55754-VN,A-L-1,Torie Gottelier,tgottelier2h@vistaprint.com,+1 (816) 743-8492,426 Division Avenue,Kansas City,United States,64136,No,Arabica,Light Roast,6,1.0,12.95,77.69999999999999,1.1655,15,Wednesday,12,2021
VEA-31961-977,2021-12-15,51432-27169-KN,E-D-0.5,Bartholemy Flaherty,bflaherty4s@moonfruit.com,,045 Jana Place,Eadestown,Ireland,A86,No,Excelsa,Dark Roast,3,0.5,7.29,21.87,0.8019000000000001,15,Wednesday,12,2021
WKB-21680-566,2021-12-17,96612-41722-VJ,A-M-0.5,Myrle Dearden,,,06 Scoville Alley,Bayside,Ireland,D13,No,Arabica,Medium Roast,3,0.5,6.75,20.25,0.6074999999999999,17,Friday,12,2021
LJN-34281-921,2021-12-17,52143-35672-JF,R-L-2.5,Tuckie Mathonnet,tmathonneti0@google.co.jp,+1 (614) 781-0396,407 Roth Circle,Columbus,United States,43240,No,Robusta,Light Roast,5,2.5,27.484999999999996,137.42499999999998,1.6490999999999998,17,Friday,12,2021
HYR-03455-684,2021-12-19,29808-89098-XD,E-D-1,Ira Sjostrom,isjostromig@pbs.org,+1 (814) 359-4610,68502 Stoughton Court,Erie,United States,16534,No,Excelsa,Dark Roast,6,1.0,12.15,72.9,1.3365,19,Sunday,12,2021
SRJ-79353-838,2021-12-19,77869-81373-AY,A-L-1,Margarette Sterland,,+1 (215) 872-6809,5 Kenwood Pass,Philadelphia,United States,19125,No,Arabica,Light Roast,6,1.0,12.95,77.69999999999999,1.1655,19,Sunday,12,2021
HYR-03455-684,2021-12-19,29808-89098-XD,L-D-0.2,Ira Sjostrom,isjostromig@pbs.org,+1 (814) 359-4610,68502 Stoughton Court,Erie,United States,16534,No,Liberica,Dark Roast,2,0.2,3.885,7.77,0.50505,19,Sunday,12,2021
OWH-11126-533,2021-12-21,25331-13794-SB,L-M-2.5,Ferdie Tourry,ftourryil@google.de,+1 (843) 243-1686,9422 Forest Dale Circle,Florence,United States,29505,No,Liberica,Medium Roast,2,2.5,33.464999999999996,66.92999999999999,4.3504499999999995,21,Tuesday,12,2021
DFS-49954-707,2021-12-21,39019-13649-CL,E-D-0.2,Giacobo Skingle,gskingle44@clickbank.net,+1 (801) 886-5886,61617 Roth Street,Provo,United States,84605,Yes,Excelsa,Dark Roast,5,0.2,3.645,18.225,0.40095000000000003,21,Tuesday,12,2021
GEJ-39834-935,2021-12-25,49412-86877-VY,L-M-0.2,Pippo Witherington,pwitheringtonea@networkadvertising.org,+1 (810) 202-8870,63 School Crossing,Detroit,United States,48211,Yes,Liberica,Medium Roast,6,0.2,4.365,26.19,0.56745,25,Saturday,12,2021
XKK-06692-189,2021-12-27,86579-92122-OC,R-D-1,Brenn Dundredge,,+1 (405) 369-5173,5 Morrow Street,Oklahoma City,United States,73129,Yes,Robusta,Dark Roast,3,1.0,8.95,26.849999999999998,0.5369999999999999,27,Monday,12,2021
PKJ-30083-501,2021-12-27,76948-43532-JS,E-D-0.5,Jordana Halden,jhaldenkp@comcast.net,+353 (278) 873-4395,70 Oriole Lane,Clones,Ireland,H23,No,Excelsa,Dark Roast,2,0.5,7.29,14.58,0.8019000000000001,27,Monday,12,2021
QAW-05889-019,2021-12-29,68810-07329-EU,L-M-0.5,Virgil Baumadier,vbaumadierap@google.cn,+1 (816) 987-4857,89508 Atwood Way,Kansas City,United States,64125,Yes,Liberica,Medium Roast,5,0.5,8.73,43.650000000000006,1.1349,29,Wednesday,12,2021
LHX-81117-166,2021-12-31,01282-28364-RZ,R-L-1,Koressa O'Geneay,kogeneayrd@utexas.edu,+1 (303) 637-0326,77 Rigney Hill,Aurora,United States,80045,No,Robusta,Light Roast,4,1.0,11.95,47.8,0.717,31,Friday,12,2021
CVE-15042-481,2022-01-01,24972-55878-KX,R-L-1,Foster Constance,fconstancekz@ifeng.com,+1 (214) 388-6754,2236 Mitchell Trail,Dallas,United States,75287,No,Robusta,Light Roast,2,1.0,11.95,23.9,0.717,1,Saturday,1,2022
JJX-83339-346,2022-01-02,32928-18158-OW,R-L-0.2,Craggy Bril,,+1 (513) 461-0440,955 Ridge Oak Street,Cincinnati,United States,45218,Yes,Robusta,Light Roast,1,0.2,3.5849999999999995,3.5849999999999995,0.21509999999999996,2,Sunday,1,2022
XEY-48929-474,2022-01-02,21889-94615-WT,L-M-2.5,Lemuel Rignold,lrignoldc1@miibeian.gov.cn,+1 (916) 472-7804,15027 Mcbride Pass,Sacramento,United States,94250,Yes,Liberica,Medium Roast,6,2.5,33.464999999999996,200.78999999999996,4.3504499999999995,2,Sunday,1,2022
ELB-07929-407,2022-01-02,54004-04664-AA,A-M-2.5,Tess Bennison,tbennison8u@google.cn,+1 (561) 413-7904,00225 Fieldstone Center,West Palm Beach,United States,33405,Yes,Arabica,Medium Roast,2,2.5,25.874999999999996,51.74999999999999,2.3287499999999994,2,Sunday,1,2022
LWJ-06793-303,2022-01-02,95424-67020-AP,R-M-2.5,Kris O'Cullen,koculleneu@ca.gov,+353 (284) 183-7528,39 Chinook Crossing,Adare,Ireland,H54,Yes,Robusta,Medium Roast,2,2.5,22.884999999999998,45.769999999999996,1.3730999999999998,2,Sunday,1,2022
SNL-83703-516,2022-01-04,57976-33535-WK,L-M-2.5,Glory Clemon,gclemonkd@networksolutions.com,+1 (205) 681-2376,5 Pleasure Point,Tuscaloosa,United States,35487,Yes,Liberica,Medium Roast,3,2.5,33.464999999999996,100.39499999999998,4.3504499999999995,4,Tuesday,1,2022
SWP-88281-918,2022-01-10,77657-61366-FY,L-L-2.5,Derrek Allpress,,+1 (562) 723-4457,66 Lakeland Trail,Long Beach,United States,90831,No,Liberica,Light Roast,4,2.5,36.455,145.82,4.7391499999999995,10,Monday,1,2022
QTG-93823-843,2022-01-12,46859-14212-FI,A-M-0.5,Chloris Sorrell,csorrellph@amazon.com,+44 (160) 225-1993,5 Scott Lane,Norton,United Kingdom,S8,No,Arabica,Medium Roast,1,0.5,6.75,6.75,0.6074999999999999,12,Wednesday,1,2022
QTG-93823-843,2022-01-12,46859-14212-FI,E-D-0.5,Chloris Sorrell,csorrellph@amazon.com,+44 (160) 225-1993,5 Scott Lane,Norton,United Kingdom,S8,No,Excelsa,Dark Roast,3,0.5,7.29,21.87,0.8019000000000001,12,Wednesday,1,2022
HGE-19842-613,2022-01-13,49401-45041-ZU,R-L-0.5,Janeva Edinboro,jedinboronc@reverbnation.com,+1 (754) 219-4187,24 Bowman Point,Fort Lauderdale,United States,33345,Yes,Robusta,Light Roast,4,0.5,7.169999999999999,28.679999999999996,0.4301999999999999,13,Thursday,1,2022
YAU-98893-150,2022-01-15,77043-48851-HG,L-M-1,Lewes Danes,ldanes9n@umn.edu,+1 (785) 398-5129,37 Graedel Court,Topeka,United States,66622,No,Liberica,Medium Roast,3,1.0,14.55,43.650000000000006,1.8915000000000002,15,Saturday,1,2022
ANK-59436-446,2022-01-17,17488-65879-XL,E-L-0.5,Eal D'Ambrogio,edambrogiohn@techcrunch.com,+1 (816) 196-1729,32 Darwin Court,Lees Summit,United States,64082,Yes,Excelsa,Light Roast,4,0.5,8.91,35.64,0.9801,17,Monday,1,2022
SCN-51395-066,2022-01-18,72164-90254-EJ,L-L-0.5,Nalani Pirrone,npirronecl@weibo.com,+1 (570) 223-3194,1585 Bashford Center,Wilkes Barre,United States,18706,No,Liberica,Light Roast,4,0.5,9.51,38.04,1.2363,18,Tuesday,1,2022
IPP-31994-879,2022-01-21,65223-29612-CB,E-D-0.5,Shaylynn Lobe,slobe6@nifty.com,+1 (937) 954-4541,7005 Mariners Cove Place,Dayton,United States,45440,Yes,Excelsa,Dark Roast,3,0.5,7.29,21.87,0.8019000000000001,21,Friday,1,2022
PJS-30996-485,2022-01-21,86579-92122-OC,A-L-0.2,Brenn Dundredge,,+1 (405) 369-5173,5 Morrow Street,Oklahoma City,United States,73129,Yes,Arabica,Light Roast,1,0.2,3.885,3.885,0.34964999999999996,21,Friday,1,2022
PDB-98743-282,2022-01-23,51940-02669-OR,L-L-1,Skelly Dolohunty,,+353 (239) 716-2717,34010 Kensington Trail,Ballymun,Ireland,D11,No,Liberica,Light Roast,3,1.0,15.85,47.55,2.0605,23,Sunday,1,2022
FLM-82229-989,2022-01-24,73017-69644-MS,L-L-0.2,Timoteo Glisane,,+353 (316) 279-4429,2 Coolidge Crossing,Ballivor,Ireland,D17,No,Liberica,Light Roast,2,0.2,4.755,9.51,0.61815,24,Monday,1,2022
ZGM-83108-823,2022-01-25,84132-22322-QT,E-L-1,Paola Brydell,pbrydell8m@bloglovin.com,+353 (522) 527-0155,826 Judy Alley,Listowel,Ireland,V31,No,Excelsa,Light Roast,1,1.0,14.85,14.85,1.6335,25,Tuesday,1,2022
LTP-31133-134,2022-01-26,66527-94478-PB,A-L-0.5,Sarajane Potter,,+1 (817) 389-2294,5 Hermina Drive,Fort Worth,United States,76129,No,Arabica,Light Roast,3,0.5,7.77,23.31,0.6992999999999999,26,Wednesday,1,2022
ZMC-00336-619,2022-01-27,19849-12926-QF,A-M-0.5,Lauritz Ledgley,lledgleyp6@de.vu,+1 (515) 261-2295,99138 Waywood Junction,Des Moines,United States,50981,Yes,Arabica,Medium Roast,4,0.5,6.75,27.0,0.6074999999999999,27,Thursday,1,2022
OAM-76916-748,2022-01-27,63025-62939-AN,E-D-1,Gonzales Cicculi,,,63861 Bunting Road,Washington,United States,20470,Yes,Excelsa,Dark Roast,3,1.0,12.15,36.45,1.3365,27,Thursday,1,2022
BGB-67996-089,2022-01-30,06279-72603-JE,R-D-1,Rana Sharer,rsharerer@flavors.me,+1 (304) 632-1951,0 Granby Parkway,Huntington,United States,25705,No,Robusta,Dark Roast,5,1.0,8.95,44.75,0.5369999999999999,30,Sunday,1,2022
KJB-98240-098,2022-01-30,77746-08153-PM,L-L-1,Chad Miguel,cmiguelqo@exblog.jp,+1 (240) 449-8992,83 Sauthoff Junction,Hagerstown,United States,21747,Yes,Liberica,Light Roast,5,1.0,15.85,79.25,2.0605,30,Sunday,1,2022
XHI-30227-581,2022-01-31,54619-08558-ZU,L-D-2.5,Petey Kingsbury,pkingsbury19@comcast.net,+1 (917) 705-8224,28 Loftsgordon Place,Bronx,United States,10469,No,Liberica,Dark Roast,6,2.5,29.784999999999997,178.70999999999998,3.8720499999999998,31,Monday,1,2022
YES-51109-625,2022-01-31,91895-55605-LS,E-L-0.5,Elizabet Aizikowitz,eaizikowitzfv@virginia.edu,+44 (148) 635-3706,7835 Namekagon Alley,Ashley,United Kingdom,SN13,No,Excelsa,Light Roast,4,0.5,8.91,35.64,0.9801,31,Monday,1,2022
LAW-80062-016,2022-02-03,34546-70516-LR,E-M-0.5,Lorin Guerrazzi,,+353 (764) 294-5957,8244 La Follette Street,Balrothery,Ireland,K32,No,Excelsa,Medium Roast,6,0.5,8.25,49.5,0.9075,3,Thursday,2,2022
GUG-45603-775,2022-02-06,40959-32642-DN,L-L-0.2,Rhodie Strathern,rstrathernqn@devhub.com,,63071 Warner Terrace,Little Rock,United States,72215,Yes,Liberica,Light Roast,5,0.2,4.755,23.775,0.61815,6,Sunday,2,2022
XUE-87260-201,2022-02-08,89646-21249-OH,R-M-0.2,Selia Ragles,sraglesjr@blogtalkradio.com,+1 (479) 494-1369,214 Dwight Hill,Fort Smith,United States,72905,No,Robusta,Medium Roast,6,0.2,2.985,17.91,0.17909999999999998,8,Tuesday,2,2022
LAA-41879-001,2022-02-10,11408-81032-UR,L-L-2.5,Tomas Sutty,tsutty6i@google.es,+1 (212) 586-1957,736 Mosinee Court,New York City,United States,10150,No,Liberica,Light Roast,1,2.5,36.455,36.455,4.7391499999999995,10,Thursday,2,2022
JNA-21450-177,2022-02-11,54798-14109-HC,A-D-1,Odelia Skerme,oskermen3@hatena.ne.jp,+1 (405) 615-0298,4 Tony Circle,Oklahoma City,United States,73167,Yes,Arabica,Dark Roast,3,1.0,9.95,29.849999999999998,0.8954999999999999,11,Friday,2,2022
HTR-21838-286,2022-02-11,24669-76297-SF,A-L-1,Heloise Zeal,hzeald5@google.de,+1 (206) 775-4468,0420 Schurz Parkway,Seattle,United States,98148,No,Arabica,Light Roast,2,1.0,12.95,25.9,1.1655,11,Friday,2,2022
FEO-11834-332,2022-02-11,95399-57205-HI,A-D-0.2,Iorgo Kleinert,ikleinertn@timesonline.co.uk,+1 (360) 352-6598,1 Morningstar Lane,Vancouver,United States,98682,Yes,Arabica,Dark Roast,4,0.2,2.985,11.94,0.26865,11,Friday,2,2022
NHI-23264-055,2022-02-15,44799-09711-XW,A-D-0.5,Mallory Shrimpling,,,40 Declaration Point,Allentown,United States,18105,Yes,Arabica,Dark Roast,4,0.5,5.97,23.88,0.5373,15,Tuesday,2,2022
WMP-68847-770,2022-02-16,37490-01572-JW,L-L-0.2,Vanna Le - Count,vle5n@disqus.com,+1 (864) 694-6658,69128 Ronald Regan Road,Spartanburg,United States,29305,No,Liberica,Light Roast,1,0.2,4.755,4.755,0.61815,16,Wednesday,2,2022
UHW-74617-126,2022-02-16,90816-65619-LM,E-D-2.5,Billy Neiland,,,02971 Alpine Court,Cleveland,United States,44105,No,Excelsa,Dark Roast,2,2.5,27.945,55.89,3.07395,16,Wednesday,2,2022
SLD-63003-334,2022-02-17,55515-37571-RS,L-M-0.2,Wain Stearley,wstearleye1@census.gov,+1 (336) 213-3687,7 La Follette Road,High Point,United States,27264,No,Liberica,Medium Roast,6,0.2,4.365,26.19,0.56745,17,Thursday,2,2022
LXK-00634-611,2022-02-20,94091-86957-HX,R-L-1,Jimmy Dymoke,jdymokeje@prnewswire.com,+353 (390) 459-9269,8424 Milwaukee Court,Beaumont,Ireland,D17,No,Robusta,Light Roast,3,1.0,11.95,35.849999999999994,0.717,20,Sunday,2,2022
WAI-89905-069,2022-02-21,47011-57815-HJ,A-L-0.5,Silvan McShea,smcshealy@photobucket.com,+1 (360) 578-2262,017 Loeprich Trail,Olympia,United States,98506,No,Arabica,Light Roast,3,0.5,7.77,23.31,0.6992999999999999,21,Monday,2,2022
EMA-63190-618,2022-02-28,90993-98984-JK,E-M-0.2,Uriah Lethbrig,ulethbrigdo@hc360.com,+1 (414) 580-9714,38 Carioca Center,Milwaukee,United States,53234,Yes,Excelsa,Medium Roast,1,0.2,4.125,4.125,0.45375,28,Monday,2,2022
TBU-65158-068,2022-02-28,60357-65386-RD,E-D-1,Hetti Measures,,+1 (562) 343-9707,3287 Corry Plaza,Whittier,United States,90605,No,Excelsa,Dark Roast,2,1.0,12.15,24.3,1.3365,28,Monday,2,2022
WRP-39846-614,2022-03-04,47493-68564-YM,A-L-2.5,Bidget Tremellier,,+353 (900) 633-2359,5 Sunfield Parkway,Cherryville,Ireland,P31,Yes,Arabica,Light Roast,5,2.5,29.784999999999997,148.92499999999998,2.6806499999999995,4,Friday,3,2022
UCZ-59708-525,2022-03-04,05501-86351-NX,L-D-2.5,Willa Rolling,,+1 (813) 759-3534,3 Mockingbird Plaza,Zephyrhills,United States,33543,Yes,Liberica,Dark Roast,3,2.5,29.784999999999997,89.35499999999999,3.8720499999999998,4,Friday,3,2022
TIR-71396-998,2022-03-06,14204-14186-LA,R-D-2.5,Angelia Cockrem,acockrem1t@engadget.com,+1 (571) 316-8217,1 Sherman Alley,Vienna,United States,22184,Yes,Robusta,Dark Roast,4,2.5,20.584999999999997,82.33999999999999,1.2350999999999999,6,Sunday,3,2022
MZL-81126-390,2022-03-08,48464-99723-HK,A-L-0.2,Jemimah Ethelston,jethelstonnl@creativecommons.org,+1 (954) 385-3551,676 Mcbride Lane,Hollywood,United States,33023,Yes,Arabica,Light Roast,6,0.2,3.885,23.31,0.34964999999999996,8,Tuesday,3,2022
MZL-81126-390,2022-03-08,48464-99723-HK,A-M-0.2,Jemimah Ethelston,jethelstonnl@creativecommons.org,+1 (954) 385-3551,676 Mcbride Lane,Hollywood,United States,33023,Yes,Arabica,Medium Roast,2,0.2,3.375,6.75,0.30374999999999996,8,Tuesday,3,2022
XKO-54097-932,2022-03-10,32743-78448-KT,E-M-0.5,Janella Millett,jmillettik@addtoany.com,+1 (919) 302-3228,3 Novick Alley,Durham,United States,27717,Yes,Excelsa,Medium Roast,3,0.5,8.25,24.75,0.9075,10,Thursday,3,2022
RUJ-30649-712,2022-03-11,93224-71517-WV,L-L-0.2,Orly Ryland,orylandc4@deviantart.com,+1 (701) 417-3513,3513 Burning Wood Way,Fargo,United States,58122,Yes,Liberica,Light Roast,2,0.2,4.755,9.51,0.61815,11,Friday,3,2022
WWH-92259-198,2022-03-11,35256-12529-FT,L-D-1,Willey Romao,wromao9w@chronoengine.com,+1 (916) 623-2394,013 Vernon Way,Sacramento,United States,94237,Yes,Liberica,Dark Roast,4,1.0,12.95,51.8,1.6835,11,Friday,3,2022
WDV-73864-037,2022-03-13,66044-25298-TA,L-M-0.5,Lawrence Pratt,lpratt57@netvibes.com,,57 Monterey Avenue,Anchorage,United States,99522,Yes,Liberica,Medium Roast,5,0.5,8.73,43.650000000000006,1.1349,13,Sunday,3,2022
WRT-40778-247,2022-03-13,54810-81899-HL,R-L-1,Cletis Giacomazzo,cgiacomazzo27@jigsy.com,+1 (571) 703-2064,817 Ridgeway Hill,Dulles,United States,20189,No,Robusta,Light Roast,4,1.0,11.95,47.8,0.717,13,Sunday,3,2022
CFZ-53492-600,2022-03-14,64896-18468-BT,L-M-0.2,Selle Scurrer,sscurrerk9@flavors.me,+44 (520) 402-1303,99 Mariners Cove Trail,Upton,United Kingdom,DN21,No,Liberica,Medium Roast,1,0.2,4.365,4.365,0.56745,14,Monday,3,2022
MEK-85120-243,2022-03-15,06623-54610-HC,R-L-0.2,Bobbe Renner,,+1 (919) 456-9860,9 Westerfield Place,Durham,United States,27705,No,Robusta,Light Roast,3,0.2,3.5849999999999995,10.754999999999999,0.21509999999999996,15,Tuesday,3,2022
VEM-79839-466,2022-03-16,32743-78448-KT,R-L-2.5,Janella Millett,jmillettik@addtoany.com,+1 (919) 302-3228,3 Novick Alley,Durham,United States,27717,Yes,Robusta,Light Roast,5,2.5,27.484999999999996,137.42499999999998,1.6490999999999998,16,Wednesday,3,2022
PVI-72795-960,2022-03-17,68239-74809-TF,E-L-2.5,Elonore Joliffe,,+353 (994) 611-5746,7077 School Crossing,Bailieborough,Ireland,C15,No,Excelsa,Light Roast,3,2.5,34.154999999999994,102.46499999999997,3.7570499999999996,17,Thursday,3,2022
OVO-01283-090,2022-03-17,15958-25089-OS,L-L-2.5,Jeno Druitt,jdruittj1@feedburner.com,+1 (650) 693-6904,1726 1st Drive,Pasadena,United States,91186,Yes,Liberica,Light Roast,2,2.5,36.455,72.91,4.7391499999999995,17,Thursday,3,2022
UHP-24614-199,2022-03-20,67953-79896-AC,A-M-1,Antonius Lewry,alewrype@whitehouse.gov,+1 (334) 368-9435,86 Pine View Pass,Montgomery,United States,36195,No,Arabica,Medium Roast,4,1.0,11.25,45.0,1.0125,20,Sunday,3,2022
MJZ-93232-402,2022-03-20,17816-67941-ZS,E-D-0.2,Laurence Ellingham,lellinghamgv@sciencedaily.com,+1 (318) 670-8027,4286 Kingsford Crossing,Shreveport,United States,71115,Yes,Excelsa,Dark Roast,1,0.2,3.645,3.645,0.40095000000000003,20,Sunday,3,2022
PUH-55647-976,2022-03-22,06624-54037-BQ,R-M-0.2,Wiley Leopold,wleopoldqw@blogspot.com,+1 (352) 173-9191,5 Elmside Terrace,Gainesville,United States,32627,No,Robusta,Medium Roast,2,0.2,2.985,5.97,0.17909999999999998,22,Tuesday,3,2022
LIN-88046-551,2022-03-23,10725-45724-CO,R-L-0.5,Kandace Cragell,kcragellkk@google.com,+353 (458) 634-2269,772 Buhler Point,Dungarvan,Ireland,T56,No,Robusta,Light Roast,4,0.5,7.169999999999999,28.679999999999996,0.4301999999999999,23,Wednesday,3,2022
TKN-58485-031,2022-03-23,38890-22576-UI,R-D-1,Felita Dauney,fdauney4p@sphinn.com,+353 (669) 355-6726,22484 Tomscot Lane,Castlebellingham,Ireland,Y34,No,Robusta,Dark Roast,2,1.0,8.95,17.9,0.5369999999999999,23,Wednesday,3,2022
GTS-22482-014,2022-03-24,36769-16558-SX,L-M-2.5,Lamond Gheeraert,,+1 (785) 654-9564,02354 Melvin Parkway,Topeka,United States,66622,Yes,Liberica,Medium Roast,4,2.5,33.464999999999996,133.85999999999999,4.3504499999999995,24,Thursday,3,2022
KRZ-13868-122,2022-03-24,86779-84838-EJ,E-L-1,Kimberli Mustchin,,+1 (602) 411-5038,0043 Arkansas Court,Mesa,United States,85215,No,Excelsa,Light Roast,3,1.0,14.85,44.55,1.6335,24,Thursday,3,2022
NQZ-82067-394,2022-03-25,72320-29738-EB,R-L-2.5,Adrianne Vairow,avairowiv@studiopress.com,+44 (236) 517-2586,73486 Cardinal Terrace,Thorpe,United Kingdom,BD23,No,Robusta,Light Roast,1,2.5,27.484999999999996,27.484999999999996,1.6490999999999998,25,Friday,3,2022
YQU-65147-580,2022-03-26,80247-70000-HT,R-D-2.5,Emiline Galgey,egalgey5x@wufoo.com,+1 (718) 311-6732,6 Park Meadow Plaza,New York City,United States,10009,No,Robusta,Dark Roast,1,2.5,20.584999999999997,20.584999999999997,1.2350999999999999,26,Saturday,3,2022
IZU-90429-382,2022-03-26,33011-52383-BA,A-L-1,Arel De Lasci,ade8c@1und1.de,+1 (808) 868-6669,80254 Cherokee Alley,Honolulu,United States,96835,Yes,Arabica,Light Roast,3,1.0,12.95,38.849999999999994,1.1655,26,Saturday,3,2022
RJV-08261-583,2022-03-26,48497-29281-FE,A-D-0.2,Pren Bess,pbessal@qq.com,+1 (949) 121-4600,36559 Sommers Parkway,Los Angeles,United States,90010,Yes,Arabica,Dark Roast,5,0.2,2.985,14.924999999999999,0.26865,26,Saturday,3,2022
UOM-71431-481,2022-03-26,65732-22589-OW,R-D-2.5,Kippie Marrison,kmarrisonoq@dropbox.com,+1 (303) 808-6803,84 Sutherland Alley,Denver,United States,80243,Yes,Robusta,Dark Roast,1,2.5,20.584999999999997,20.584999999999997,1.2350999999999999,26,Saturday,3,2022
IKK-62234-199,2022-03-31,91190-84826-IQ,L-L-0.5,Raphaela Schankelborg,rschankelborgot@ameblo.jp,,528 Debs Terrace,Pittsburgh,United States,15250,Yes,Liberica,Light Roast,6,0.5,9.51,57.06,1.2363,31,Thursday,3,2022
SOK-43535-680,2022-04-04,58443-95866-YO,E-M-0.5,Stearne Count,scountjq@nba.com,+1 (952) 721-7276,31 Holy Cross Lane,Young America,United States,55564,No,Excelsa,Medium Roast,3,0.5,8.25,24.75,0.9075,4,Monday,4,2022
MGQ-98961-173,2022-04-05,83895-90735-XH,L-L-0.5,Brook Drage,bdrage39@youku.com,+1 (937) 566-3449,3584 7th Parkway,Dayton,United States,45432,No,Liberica,Light Roast,4,0.5,9.51,38.04,1.2363,5,Tuesday,4,2022
RTL-16205-161,2022-04-05,90440-62727-HI,A-M-0.5,Alberto Hutchinson,ahutchinsond2@imgur.com,+1 (404) 775-3251,327 Erie Way,Lawrenceville,United States,30045,Yes,Arabica,Medium Roast,1,0.5,6.75,6.75,0.6074999999999999,5,Tuesday,4,2022
GNZ-46006-527,2022-04-05,95875-73336-RG,L-D-0.2,Patrice Trobe,ptrobee@wunderground.com,+1 (314) 240-7896,827 Declaration Plaza,Saint Louis,United States,63131,Yes,Liberica,Dark Roast,3,0.2,3.885,11.655,0.50505,5,Tuesday,4,2022
SFB-97929-779,2022-04-08,85425-33494-HQ,E-D-0.5,Constance Halfhide,chalfhide5s@google.ru,+353 (885) 827-8865,75275 Sunnyside Center,Fermoy,Ireland,P61,Yes,Excelsa,Dark Roast,4,0.5,7.29,29.16,0.8019000000000001,8,Friday,4,2022
KZR-33023-209,2022-04-08,21177-40725-CF,E-L-1,Micki Fero,,+1 (203) 722-1559,9 Burrows Way,Danbury,United States,6816,No,Excelsa,Light Roast,3,1.0,14.85,44.55,1.6335,8,Friday,4,2022
KHK-13105-388,2022-04-08,46242-54946-ZW,A-M-1,Charin Maplethorp,,,35 Alpine Circle,Wilmington,United States,19810,Yes,Arabica,Medium Roast,6,1.0,11.25,67.5,1.0125,8,Friday,4,2022
WKL-27981-758,2022-04-08,73699-93557-FZ,A-M-2.5,Felice Miell,fmiellbc@spiegel.de,+1 (732) 770-5368,35 Hoepker Pass,New Brunswick,United States,8922,Yes,Arabica,Medium Roast,2,2.5,25.874999999999996,51.74999999999999,2.3287499999999994,8,Friday,4,2022
FQK-28730-361,2022-04-12,22725-79522-GP,R-M-1,Donny Fries,dfrieseq@cargocollective.com,+1 (419) 138-9171,404 Granby Trail,Toledo,United States,43610,No,Robusta,Medium Roast,6,1.0,9.95,59.699999999999996,0.597,12,Tuesday,4,2022
YIT-15877-117,2022-04-13,24155-79322-EQ,R-D-1,Morly Rocks,mrocksqq@exblog.jp,+353 (731) 124-0228,21 Spenser Court,Crossmolina,Ireland,A98,Yes,Robusta,Dark Roast,1,1.0,8.95,8.95,0.5369999999999999,13,Wednesday,4,2022
RXF-37618-213,2022-04-15,32948-34398-HC,R-L-0.5,Belvia Umpleby,bumpleby1u@soundcloud.com,+1 (682) 627-0888,710 Prairie Rose Terrace,Fort Worth,United States,76178,Yes,Robusta,Light Roast,1,0.5,7.169999999999999,7.169999999999999,0.4301999999999999,15,Friday,4,2022
ICC-73030-502,2022-04-16,59480-02795-IU,A-L-1,Reamonn Aynold,raynoldfj@ustream.tv,+1 (414) 429-0919,0380 Orin Road,Milwaukee,United States,53263,Yes,Arabica,Light Roast,3,1.0,12.95,38.849999999999994,1.1655,16,Saturday,4,2022
KRW-91640-596,2022-04-22,70879-00984-FJ,R-L-0.5,Tildie Tilzey,ttilzeyeb@hostgator.com,+1 (314) 876-7205,2812 Westend Hill,Saint Louis,United States,63180,No,Robusta,Light Roast,3,0.5,7.169999999999999,21.509999999999998,0.4301999999999999,22,Friday,4,2022
CZG-86544-655,2022-04-23,69443-77665-QW,A-L-0.5,Henderson Crowne,hcrowneq5@wufoo.com,+353 (476) 525-5512,706 Eagan Lane,Sallins,Ireland,W91,Yes,Arabica,Light Roast,2,0.5,7.77,15.54,0.6992999999999999,23,Saturday,4,2022
UHK-63283-868,2022-04-24,16809-16936-WF,A-M-0.5,Modesty MacConnechie,mmacconnechieo9@reuters.com,+1 (304) 620-6008,526 Onsgard Park,Charleston,United States,25362,Yes,Arabica,Medium Roast,1,0.5,6.75,6.75,0.6074999999999999,24,Sunday,4,2022
FOJ-02234-063,2022-04-25,59081-87231-VP,E-D-2.5,Denyse O'Calleran,docalleran75@ucla.edu,+1 (954) 368-3867,6384 Darwin Avenue,Pompano Beach,United States,33064,Yes,Excelsa,Dark Roast,1,2.5,27.945,27.945,3.07395,25,Monday,4,2022
JBQ-93412-846,2022-04-27,69037-66822-DW,E-L-2.5,Julio Armytage,,,782 Spaight Center,Portumna,Ireland,V31,Yes,Excelsa,Light Roast,4,2.5,34.154999999999994,136.61999999999998,3.7570499999999996,27,Wednesday,4,2022
DGC-21813-731,2022-04-27,43606-83072-OA,L-D-0.2,Channa Belamy,,+1 (863) 303-5561,14 American Ash Parkway,Lakeland,United States,33805,No,Liberica,Dark Roast,2,0.2,3.885,7.77,0.50505,27,Wednesday,4,2022
PKN-19556-918,2022-04-29,00445-42781-KX,R-D-2.5,Faunie Brigham,fbrighamhg@blog.com,+353 (620) 657-2946,7246 Green Pass,Castlerea,Ireland,F45,Yes,Robusta,Dark Roast,5,2.5,20.584999999999997,102.92499999999998,1.2350999999999999,29,Friday,4,2022
PKN-19556-918,2022-04-29,00445-42781-KX,L-D-0.5,Faunie Brigham,fbrighamhg@blog.com,+353 (620) 657-2946,7246 Green Pass,Castlerea,Ireland,F45,Yes,Liberica,Dark Roast,4,0.5,7.77,31.08,1.0101,29,Friday,4,2022
PKN-19556-918,2022-04-29,00445-42781-KX,E-L-0.2,Faunie Brigham,fbrighamhg@blog.com,+353 (620) 657-2946,7246 Green Pass,Castlerea,Ireland,F45,Yes,Excelsa,Light Roast,6,0.2,4.455,26.73,0.49005,29,Friday,4,2022
PKN-19556-918,2022-04-29,00445-42781-KX,A-D-0.2,Faunie Brigham,fbrighamhg@blog.com,+353 (620) 657-2946,7246 Green Pass,Castlerea,Ireland,F45,Yes,Arabica,Dark Roast,1,0.2,2.985,2.985,0.26865,29,Friday,4,2022
MDC-03318-645,2022-04-30,43974-44760-QI,A-L-0.2,Warner Maddox,wmaddox7l@timesonline.co.uk,+1 (917) 310-4684,6223 North Hill,New York City,United States,10105,No,Arabica,Light Roast,2,0.2,3.885,7.77,0.34964999999999996,30,Saturday,4,2022
VGM-24161-361,2022-05-01,71034-49694-CS,E-M-2.5,Byron Acarson,bacarsonhf@cnn.com,+1 (713) 418-6385,0 Bay Center,Houston,United States,77281,Yes,Excelsa,Medium Roast,2,2.5,31.624999999999996,63.24999999999999,3.47875,1,Sunday,5,2022
GND-08192-056,2022-05-01,17088-16989-PL,L-D-0.5,Winne Roche,wrocheh7@xinhuanet.com,+1 (317) 439-5584,378 Scofield Place,Seminole,United States,34642,Yes,Liberica,Dark Roast,2,0.5,7.77,15.54,1.0101,1,Sunday,5,2022
VZH-86274-142,2022-05-02,53120-45532-KL,R-L-1,Arabella Fransewich,,+353 (336) 656-6944,675 Ruskin Road,Kinsealy-Drinan,Ireland,D17,Yes,Robusta,Light Roast,5,1.0,11.95,59.75,0.717,2,Monday,5,2022
AEZ-13242-456,2022-05-04,62494-09113-RP,R-M-0.5,Marguerite Graves,,+1 (479) 204-9111,91413 Scott Way,Fort Smith,United States,72905,No,Robusta,Medium Roast,5,0.5,5.97,29.849999999999998,0.35819999999999996,4,Wednesday,5,2022
SDB-77492-188,2022-05-05,64815-54078-HH,E-L-1,Feliks Babber,fbabbera2@stanford.edu,+1 (623) 550-6050,18 Helena Trail,Phoenix,United States,85025,Yes,Excelsa,Light Roast,5,1.0,14.85,74.25,1.6335,5,Thursday,5,2022
MBT-23379-866,2022-05-10,82990-92703-IX,L-L-1,Nataniel Helkin,nhelkine9@example.com,,9 Loftsgordon Pass,Philadelphia,United States,19191,No,Liberica,Light Roast,5,1.0,15.85,79.25,2.0605,10,Tuesday,5,2022
GPU-65651-504,2022-05-11,83947-45528-ET,E-M-2.5,Leesa Flaonier,lflaoniera8@wordpress.org,+1 (718) 586-2839,25 Saint Paul Drive,Staten Island,United States,10305,No,Excelsa,Medium Roast,2,2.5,31.624999999999996,63.24999999999999,3.47875,11,Wednesday,5,2022
HXA-72415-025,2022-05-12,93417-12322-YB,A-D-2.5,Dollie Gadsden,dgadsdenib@google.com.hk,+353 (847) 447-7835,70 Ludington Terrace,Cluain Meala,Ireland,E91,Yes,Arabica,Dark Roast,2,2.5,22.884999999999998,45.769999999999996,2.0596499999999995,12,Thursday,5,2022
TZU-64255-831,2022-05-13,34666-76738-SQ,R-D-2.5,Marne Mingey,,+1 (786) 445-8879,7 South Parkway,Miami,United States,33233,No,Robusta,Dark Roast,2,2.5,20.584999999999997,41.169999999999995,1.2350999999999999,13,Friday,5,2022
YZA-25234-630,2022-05-13,89757-51438-HX,E-D-0.2,Malynda Glawsop,mglawsopfb@reverbnation.com,+1 (203) 608-9937,682 Express Court,New Haven,United States,6510,No,Excelsa,Dark Roast,2,0.2,3.645,7.29,0.40095000000000003,13,Friday,5,2022
ZJE-89333-489,2022-05-13,08694-57330-XR,L-D-2.5,Vallie Kundt,vkundt3w@bigcartel.com,+353 (472) 791-2507,3 Porter Hill,Ballivor,Ireland,D17,Yes,Liberica,Dark Roast,1,2.5,29.784999999999997,29.784999999999997,3.8720499999999998,13,Friday,5,2022
FBD-56220-430,2022-05-16,59205-20324-NB,R-L-0.2,Maggy Harby,mharbyfy@163.com,,69 Jackson Junction,Pensacola,United States,32590,Yes,Robusta,Light Roast,6,0.2,3.5849999999999995,21.509999999999998,0.21509999999999996,16,Monday,5,2022
GMM-72397-378,2022-05-16,45899-92796-EI,R-L-0.2,Kerr Patise,kpatise7z@jigsy.com,+1 (617) 552-8968,2469 Hayes Lane,Boston,United States,2114,No,Robusta,Light Roast,4,0.2,3.5849999999999995,14.339999999999998,0.21509999999999996,16,Monday,5,2022
PKR-88575-066,2022-05-17,28728-47861-TZ,E-L-0.2,Astrix Kitchingham,akitchingham58@com.com,+1 (405) 645-2204,716 Shoshone Point,Oklahoma City,United States,73129,Yes,Excelsa,Light Roast,1,0.2,4.455,4.455,0.49005,17,Tuesday,5,2022
SNZ-65340-705,2022-05-20,21134-81676-FR,L-L-0.2,Melvin Wharfe,,+353 (507) 574-3034,7 Straubel Road,Kill,Ireland,P24,Yes,Liberica,Light Roast,1,0.2,4.755,4.755,0.61815,20,Friday,5,2022
VSS-56247-688,2022-05-21,08360-19442-GB,L-M-2.5,Effie Yurkov,eyurkov6s@hud.gov,+1 (808) 320-5976,970 Northport Pass,Honolulu,United States,96805,No,Liberica,Medium Roast,4,2.5,33.464999999999996,133.85999999999999,4.3504499999999995,21,Saturday,5,2022
SHT-04865-419,2022-05-22,69215-90789-DL,R-L-0.2,Johnath Fairebrother,,+1 (302) 159-1841,05 Bluestem Street,Wilmington,United States,19810,Yes,Robusta,Light Roast,4,0.2,3.5849999999999995,14.339999999999998,0.21509999999999996,22,Sunday,5,2022
YLY-35287-172,2022-05-23,69410-04668-MA,A-D-0.5,Simone Capon,scaponkx@craigslist.org,+1 (602) 619-0168,0616 Utah Parkway,Phoenix,United States,85053,No,Arabica,Dark Roast,5,0.5,5.97,29.849999999999998,0.5373,23,Monday,5,2022
ESR-54041-053,2022-05-24,59771-90302-OF,A-L-0.5,Cortney Gibbonson,cgibbonsonab@accuweather.com,+1 (206) 848-3585,861 David Crossing,Seattle,United States,98109,Yes,Arabica,Light Roast,6,0.5,7.77,46.62,0.6992999999999999,24,Tuesday,5,2022
ZCR-15721-658,2022-05-26,28327-84469-ND,A-M-1,Rodolfo Willoway,rwillowaycq@admin.ch,+1 (520) 126-8439,58 Schlimgen Parkway,Tucson,United States,85754,No,Arabica,Medium Roast,4,1.0,11.25,45.0,1.0125,26,Thursday,5,2022
UJG-34731-295,2022-05-26,15764-22559-ZT,A-M-2.5,Cece Inker,,+1 (863) 977-9033,67 Annamark Street,Lakeland,United States,33811,No,Arabica,Medium Roast,1,2.5,25.874999999999996,25.874999999999996,2.3287499999999994,26,Thursday,5,2022
ERC-54560-934,2022-05-30,11932-85629-CU,R-D-2.5,Hadley Reuven,hreuvenpk@whitehouse.gov,+1 (616) 851-0525,227 Burning Wood Drive,Grand Rapids,United States,49560,No,Robusta,Dark Roast,6,2.5,20.584999999999997,123.50999999999999,1.2350999999999999,30,Monday,5,2022
DLV-65840-759,2022-05-31,77192-72145-RG,L-M-1,Meade Birkin,mbirkinnz@java.com,+1 (954) 431-7206,218 Elka Trail,Miami,United States,33169,Yes,Liberica,Medium Roast,2,1.0,14.55,29.1,1.8915000000000002,31,Tuesday,5,2022
XNU-83276-288,2022-06-01,98185-92775-KT,R-M-0.5,Chester Clowton,,+1 (763) 691-6777,15196 Pleasure Court,Monticello,United States,55590,No,Robusta,Medium Roast,1,0.5,5.97,5.97,0.35819999999999996,1,Wednesday,6,2022
AAQ-13644-699,2022-06-03,46296-42617-OQ,R-D-1,Fernando Sulman,fsulmanl0@washington.edu,+1 (828) 464-2678,45 Village Terrace,Asheville,United States,28805,Yes,Robusta,Dark Roast,4,1.0,8.95,35.8,0.5369999999999999,3,Friday,6,2022
CWT-27056-328,2022-06-04,18570-80998-ZS,E-D-0.2,Josefina Ferens,,+1 (212) 163-1916,51 Bluejay Point,New York City,United States,10125,Yes,Excelsa,Dark Roast,6,0.2,3.645,21.87,0.40095000000000003,4,Saturday,6,2022
YDS-02797-307,2022-06-05,06058-48844-PI,E-M-2.5,Webb Speechly,wspeechlyem@amazon.com,+1 (206) 440-5750,5 Helena Center,Seattle,United States,98185,Yes,Excelsa,Medium Roast,4,2.5,31.624999999999996,126.49999999999999,3.47875,5,Sunday,6,2022
DUV-12075-132,2022-06-06,62494-09113-RP,E-D-0.2,Marguerite Graves,,+1 (479) 204-9111,91413 Scott Way,Fort Smith,United States,72905,No,Excelsa,Dark Roast,5,0.2,3.645,18.225,0.40095000000000003,6,Monday,6,2022
DUV-12075-132,2022-06-06,62494-09113-RP,L-D-0.5,Marguerite Graves,,+1 (479) 204-9111,91413 Scott Way,Fort Smith,United States,72905,No,Liberica,Dark Roast,2,0.5,7.77,15.54,1.0101,6,Monday,6,2022
XDU-05471-219,2022-06-06,60308-06944-GS,R-L-0.5,Pru Durban,pdurbancg@symantec.com,+353 (709) 884-1892,2 Forest Street,Longford,Ireland,N39,No,Robusta,Light Roast,1,0.5,7.169999999999999,7.169999999999999,0.4301999999999999,6,Monday,6,2022
RFG-28227-288,2022-06-07,68605-21835-UF,A-L-0.5,Augustin Waterhouse,awaterhouseq7@istockphoto.com,+1 (318) 129-0806,23530 Lake View Trail,Shreveport,United States,71105,No,Arabica,Light Roast,6,0.5,7.77,46.62,0.6992999999999999,7,Tuesday,6,2022
FYQ-78248-319,2022-06-07,25473-43727-BY,R-M-2.5,Llywellyn Oscroft,loscroftf@ebay.co.uk,,022 Roth Place,Philadelphia,United States,19172,No,Robusta,Medium Roast,5,2.5,22.884999999999998,114.42499999999998,1.3730999999999998,7,Tuesday,6,2022
BLV-60087-454,2022-06-08,84493-71314-WX,A-M-0.5,Tymon Zanetti,tzanettig2@gravatar.com,+353 (351) 897-2630,561 Cherokee Trail,Loughrea,Ireland,H62,No,Arabica,Medium Roast,5,0.5,6.75,33.75,0.6074999999999999,8,Wednesday,6,2022
BLV-60087-454,2022-06-08,84493-71314-WX,E-L-0.2,Tymon Zanetti,tzanettig2@gravatar.com,+353 (351) 897-2630,561 Cherokee Trail,Loughrea,Ireland,H62,No,Excelsa,Light Roast,3,0.2,4.455,13.365,0.49005,8,Wednesday,6,2022
BAF-42286-205,2022-06-08,43074-00987-PB,R-M-2.5,Oran Colbeck,ocolbeck4t@sina.com.cn,+1 (334) 441-4420,8984 Moulton Hill,Montgomery,United States,36195,No,Robusta,Medium Roast,4,2.5,22.884999999999998,91.53999999999999,1.3730999999999998,8,Wednesday,6,2022
HEL-86709-449,2022-06-10,86579-92122-OC,E-D-2.5,Brenn Dundredge,,+1 (405) 369-5173,5 Morrow Street,Oklahoma City,United States,73129,Yes,Excelsa,Dark Roast,1,2.5,27.945,27.945,3.07395,10,Friday,6,2022
AOT-70449-651,2022-06-11,53414-73391-CR,R-D-2.5,Cindra Burling,,+1 (518) 562-5402,5461 Anniversary Crossing,Schenectady,United States,12305,Yes,Robusta,Dark Roast,5,2.5,20.584999999999997,102.92499999999998,1.2350999999999999,11,Saturday,6,2022
QJB-90477-635,2022-06-12,89714-19856-WX,L-L-2.5,Doll Beauchamp,dbeauchamp3f@usda.gov,+1 (203) 189-4256,0967 Clemons Alley,Stamford,United States,6912,No,Liberica,Light Roast,4,2.5,36.455,145.82,4.7391499999999995,12,Sunday,6,2022
ZSO-58292-191,2022-06-12,66794-66795-VW,R-D-0.5,Rea Offell,,+1 (214) 171-1701,3356 Ruskin Way,Dallas,United States,75323,No,Robusta,Dark Roast,4,0.5,5.369999999999999,21.479999999999997,0.32219999999999993,12,Sunday,6,2022
SCL-94540-788,2022-06-13,16123-07017-TY,E-L-2.5,Teddi Crowthe,tcrowthe7n@europa.eu,+1 (419) 561-6809,7 Eastlawn Alley,Toledo,United States,43666,No,Excelsa,Light Roast,6,2.5,34.154999999999994,204.92999999999995,3.7570499999999996,13,Monday,6,2022
DCI-96254-548,2022-06-14,94091-86957-HX,A-D-0.2,Jimmy Dymoke,jdymokeje@prnewswire.com,+353 (390) 459-9269,8424 Milwaukee Court,Beaumont,Ireland,D17,No,Arabica,Dark Roast,6,0.2,2.985,17.91,0.26865,14,Tuesday,6,2022
BRB-40903-533,2022-06-15,09020-56774-GU,E-L-0.2,Marie-jeanne Redgrave,mredgrave32@cargocollective.com,+1 (413) 691-2892,61022 Helena Street,Springfield,United States,1105,Yes,Excelsa,Light Roast,3,0.2,4.455,13.365,0.49005,15,Wednesday,6,2022
MIS-54381-047,2022-06-15,39276-95489-XV,A-D-0.5,Nathan Sictornes,nsictornesjh@buzzfeed.com,+353 (410) 713-0145,26 Little Fleur Trail,Sandyford,Ireland,D04,Yes,Arabica,Dark Roast,5,0.5,5.97,29.849999999999998,0.5373,15,Wednesday,6,2022
MKE-75518-399,2022-06-17,62588-82624-II,A-M-1,Cos Fluin,cfluin8k@flickr.com,,88 Jenna Point,Sheffield,United Kingdom,S33,No,Arabica,Medium Roast,3,1.0,11.25,33.75,1.0125,17,Friday,6,2022
JSN-73975-443,2022-06-27,93047-98331-DD,L-M-0.5,Annabella Danzey,adanzeybn@github.com,+1 (402) 633-9913,5692 Eastwood Hill,Lincoln,United States,68505,Yes,Liberica,Medium Roast,1,0.5,8.73,8.73,1.1349,27,Monday,6,2022
FVH-29271-315,2022-06-30,74415-50873-FC,A-D-0.5,Corney Curme,,+353 (772) 127-7148,0535 Michigan Plaza,Castleknock,Ireland,K78,Yes,Arabica,Dark Roast,3,0.5,5.97,17.91,0.5373,30,Thursday,6,2022
JPB-45297-000,2022-07-01,83105-86631-IU,R-L-0.2,Dell Daveridge,ddaveridge9p@arstechnica.com,+1 (213) 474-2139,09652 Crowley Lane,Los Angeles,United States,90065,No,Robusta,Light Roast,4,0.2,3.5849999999999995,14.339999999999998,0.21509999999999996,1,Friday,7,2022
SZW-48378-399,2022-07-02,34136-36674-OM,R-M-1,Rosaleen Scholar,rscholarc@nyu.edu,+1 (804) 420-0420,80915 Montana Park,Richmond,United States,23285,No,Robusta,Medium Roast,5,1.0,9.95,49.75,0.597,2,Saturday,7,2022
JKC-64636-831,2022-07-05,52098-80103-FD,A-M-2.5,Edin Mathe,,+1 (404) 514-8311,49261 Merry Crossing,Lawrenceville,United States,30045,Yes,Arabica,Medium Roast,2,2.5,25.874999999999996,51.74999999999999,2.3287499999999994,5,Tuesday,7,2022
XWC-20610-167,2022-07-07,08350-81623-TF,E-D-0.2,Lorenzo Yeoland,lyeoland15@pbs.org,+1 (860) 576-2887,8510 Merrick Road,Hartford,United States,6183,Yes,Excelsa,Dark Roast,2,0.2,3.645,7.29,0.40095000000000003,7,Thursday,7,2022
VZO-97265-841,2022-07-08,87049-37901-FU,R-M-0.2,Bram Revel,brevel2v@fastcompany.com,+1 (585) 775-6952,6168 Westend Plaza,Rochester,United States,14652,No,Robusta,Medium Roast,4,0.2,2.985,11.94,0.17909999999999998,8,Friday,7,2022
FLI-11493-954,2022-07-09,80454-42225-FT,A-L-0.5,Jed Kennicott,jkennicottm5@yahoo.co.jp,+1 (813) 579-8389,2 Holy Cross Pass,Tampa,United States,33673,No,Arabica,Light Roast,4,0.5,7.77,31.08,0.6992999999999999,9,Saturday,7,2022
LTD-96842-834,2022-07-12,00246-15080-LE,L-D-2.5,Francesco Dressel,,,1 Fulton Road,Toledo,United States,43605,No,Liberica,Dark Roast,6,2.5,29.784999999999997,178.70999999999998,3.8720499999999998,12,Tuesday,7,2022
FBZ-64200-586,2022-07-12,51738-61457-RS,E-M-2.5,Mathilda Matiasek,mmatiasekps@ucoz.ru,,30867 Magdeline Way,New York City,United States,10004,Yes,Excelsa,Medium Roast,2,2.5,31.624999999999996,63.24999999999999,3.47875,12,Tuesday,7,2022
WBA-85905-175,2022-07-13,41252-45992-VS,L-M-0.2,Trumaine Tewelson,ttewelsonnd@cdbaby.com,,903 Scoville Court,El Paso,United States,88553,No,Liberica,Medium Roast,1,0.2,4.365,4.365,0.56745,13,Wednesday,7,2022
UKS-93055-397,2022-07-13,13082-41034-PD,A-D-2.5,Romain Avrashin,ravrashinna@tamu.edu,+1 (202) 973-9890,88 Westerfield Point,Washington,United States,20067,No,Arabica,Dark Roast,5,2.5,22.884999999999998,114.42499999999998,2.0596499999999995,13,Wednesday,7,2022
LOU-41819-242,2022-07-14,88060-50676-MV,R-M-1,Dorette Hinemoor,,+1 (754) 336-4224,121 Union Point,Fort Lauderdale,United States,33345,Yes,Robusta,Medium Roast,2,1.0,9.95,19.9,0.597,14,Thursday,7,2022
IBW-87442-480,2022-07-14,79814-23626-JR,A-L-2.5,Trina Le Sarr,tle91@epa.gov,+1 (415) 176-8216,96 Rigney Trail,San Francisco,United States,94132,Yes,Arabica,Light Roast,1,2.5,29.784999999999997,29.784999999999997,2.6806499999999995,14,Thursday,7,2022
RGM-01187-513,2022-07-15,28121-11641-UA,E-D-0.2,Babb Pollins,bpollinskf@shinystat.com,,76 Ilene Way,Shawnee Mission,United States,66225,No,Excelsa,Dark Roast,6,0.2,3.645,21.87,0.40095000000000003,15,Friday,7,2022
ZGK-97262-313,2022-07-16,02536-18494-AQ,E-M-2.5,Ewell Hanby,,,903 Oak Center,Washington,United States,20520,Yes,Excelsa,Medium Roast,3,2.5,31.624999999999996,94.87499999999999,3.47875,16,Saturday,7,2022
EEG-74197-843,2022-07-17,25729-68859-UA,E-L-1,Rozele Relton,rrelton1l@stanford.edu,+1 (850) 626-1181,2484 Reindahl Court,Pensacola,United States,32590,No,Excelsa,Light Roast,4,1.0,14.85,59.4,1.6335,17,Sunday,7,2022
FWE-98471-488,2022-07-19,27930-59250-JT,L-L-1,Allis Wilmore,,+1 (713) 984-5207,94 Moulton Street,Houston,United States,77260,No,Liberica,Light Roast,5,1.0,15.85,79.25,2.0605,19,Tuesday,7,2022
NNB-20459-430,2022-07-25,79825-17822-UH,L-M-0.2,Daryn Dibley,ddibleyd7@feedburner.com,,5676 Southridge Street,Kissimmee,United States,34745,No,Liberica,Medium Roast,2,0.2,4.365,8.73,0.56745,25,Monday,7,2022
UGK-07613-982,2022-07-28,57808-90533-UE,A-M-0.5,Derick Snow,,+1 (718) 461-3002,813 La Follette Place,New York City,United States,10004,No,Arabica,Medium Roast,3,0.5,6.75,20.25,0.6074999999999999,28,Thursday,7,2022
TYP-85767-944,2022-07-29,51497-50894-WU,R-M-2.5,Kaela Nottram,knottramlw@odnoklassniki.ru,+353 (549) 358-7019,5 Moulton Court,Arklow,Ireland,Y14,Yes,Robusta,Medium Roast,2,2.5,22.884999999999998,45.769999999999996,1.3730999999999998,29,Friday,7,2022
CHE-78995-767,2022-08-02,00888-74814-UZ,A-D-0.5,Theresita Newbury,tnewburys@usda.gov,+353 (803) 587-0026,79526 Bultman Lane,Clonskeagh,Ireland,D04,No,Arabica,Dark Roast,3,0.5,5.97,17.91,0.5373,2,Tuesday,8,2022
BLQ-03709-265,2022-08-04,72463-75685-MV,R-M-0.2,Charis Crosier,ccrosier63@xrea.com,+1 (816) 578-2743,54506 Arapahoe Center,Lees Summit,United States,64082,No,Robusta,Medium Roast,5,0.2,2.985,14.924999999999999,0.17909999999999998,4,Thursday,8,2022
BLQ-03709-265,2022-08-04,72463-75685-MV,R-L-0.2,Charis Crosier,ccrosier63@xrea.com,+1 (816) 578-2743,54506 Arapahoe Center,Lees Summit,United States,64082,No,Robusta,Light Roast,3,0.2,3.5849999999999995,10.754999999999999,0.21509999999999996,4,Thursday,8,2022
HCA-87224-420,2022-08-04,62682-27930-PD,E-M-0.5,Tamarah Fero,tfero4n@comsenz.com,+1 (262) 954-6859,6 Fisk Street,Racine,United States,53405,Yes,Excelsa,Medium Roast,5,0.5,8.25,41.25,0.9075,4,Thursday,8,2022
IOM-51636-823,2022-08-06,04609-95151-XH,A-D-1,Devy Bulbrook,,+1 (212) 360-7479,567 Farmco Hill,Jamaica,United States,11407,No,Arabica,Dark Roast,3,1.0,9.95,29.849999999999998,0.8954999999999999,6,Saturday,8,2022
XUR-14132-391,2022-08-08,96836-09258-RI,R-D-0.5,Lisa Goodger,lgoodger95@guardian.co.uk,,86634 Nova Plaza,Sacramento,United States,94250,Yes,Robusta,Dark Roast,4,0.5,5.369999999999999,21.479999999999997,0.32219999999999993,8,Monday,8,2022
SNZ-44595-152,2022-08-12,06136-65250-PG,R-L-1,Kim Kemery,kkemeryra@t.co,+1 (817) 407-3513,95 Delladonna Parkway,Denton,United States,76205,Yes,Robusta,Light Roast,2,1.0,11.95,23.9,0.717,12,Friday,8,2022
PQA-54820-810,2022-08-17,91460-04823-BX,A-L-1,Isis Pikett,ipikett1d@xinhuanet.com,+1 (202) 871-9039,5892 Hauk Drive,Washington,United States,20409,No,Arabica,Light Roast,3,1.0,12.95,38.849999999999994,1.1655,17,Wednesday,8,2022
XKB-41924-202,2022-08-19,45089-52817-WN,L-D-0.5,Inger Bouldon,ibouldon1e@gizmodo.com,+1 (754) 391-4736,925 Barby Circle,Fort Lauderdale,United States,33355,No,Liberica,Dark Roast,2,0.5,7.77,15.54,1.0101,19,Friday,8,2022
HHO-79903-185,2022-08-19,53893-01719-CL,A-L-2.5,Bee Fattorini,bfattorinio3@quantcast.com,,433 Caliangt Park,Monaghan,Ireland,H18,Yes,Arabica,Light Roast,1,2.5,29.784999999999997,29.784999999999997,2.6806499999999995,19,Friday,8,2022
